ENSG00000103196	3232.6295225837	-2.66637505097409	0.215164281103156	-12.3922755082929	2.87760522460892e-35	9.87018592040859e-33
ENSG00000258947	101.654203652367	1.52141806585532	0.393944106927691	3.86201503995231	0.000112455641632708	0.0192861425400094
ENSG00000103257	392.156065745406	1.06123310632157	0.311563710232038	3.4061512026905	0.000658856787435839	0.075329292696831
ENSG00000103150	176.25680597767	-0.929040041451287	0.305317996743362	-3.04286039919291	0.00234341018139623	0.179298455015428
ENSG00000197943	29.6454203354341	-1.57351232958951	0.522785862052596	-3.00986014314061	0.00261368010226571	0.179298455015428
ENSG00000131149	654.396716891857	0.595319125183945	0.213494165323547	2.78845618231181	0.00529599111314351	0.302754158634704
ENSG00000103187	1904.10781931664	-0.418223721063355	0.18640992394796	-2.24357004287019	0.0248600785326836	0.947445215190054
ENSG00000154102	63.8526886377769	0.97179406798411	0.426486464395552	2.27860471342603	0.0226905735076612	0.947445215190054
ENSG00000166473	168.842414776243	0.766601979392921	0.328311204138811	2.3349857383143	0.0195441657823055	0.947445215190054
ENSG00000005189	0.901243260080324	-0.0240051387827789	0.309419734166415	-0.0775811499142076	0.938161237370052	0.977515950442001
ENSG00000005339	0.218646548991078	0.0440132656472318	0.250275766954331	0.175859078099492	0.860404655182939	0.977515950442001
ENSG00000005844	1.90901758496104	-0.0299203848660458	0.397657426480513	-0.0752416096710621	0.940022478434039	0.977515950442001
ENSG00000006210	1.84124388007169	-0.337377652881254	0.398886106150393	-0.845799459242262	0.397664627192824	0.977515950442001
ENSG00000007392	0.846351967647727	0.191381688247701	0.281511770602592	0.679835474865001	0.496608641716047	0.977515950442001
ENSG00000007541	1.76346251644611	-0.218993038995313	0.388344036018724	-0.563915030704255	0.572811960228192	0.977515950442001
ENSG00000008517	1.60793448183798	0.0207055178925779	0.352826755076623	0.0586846592404291	0.953203278430671	0.977515950442001
ENSG00000008710	0.386760732010435	0.10236096210427	0.251455576249305	0.407073740940962	0.683953829025146	0.977515950442001
ENSG00000010539	0.597518054329031	0.106138651255678	0.253622574220072	0.418490552672885	0.675588492416082	0.977515950442001
ENSG00000011638	2.02806701856369	0.192242585236328	0.429445847371064	0.447652681736657	0.654403876292844	0.977515950442001
ENSG00000013364	0.966901830026088	0.179279613078902	0.272727280139301	0.657358563423987	0.510950388562052	0.977515950442001
ENSG00000015413	0.950007881970468	-0.224709226125136	0.29493479863079	-0.761894585407788	0.446122921882657	0.977515950442001
ENSG00000033011	0.218646548991078	0.0440132656472318	0.250275766954331	0.175859078099491	0.860404655182939	0.977515950442001
ENSG00000038532	0.656555190465865	0.0365758169854538	0.274688262484225	0.13315391292904	0.894071658353929	0.977515950442001
ENSG00000039068	0.386760732010435	0.10236096210427	0.251455576249305	0.407073740940962	0.683953829025146	0.977515950442001
ENSG00000040199	0.218646548991078	0.0440132656472318	0.250275766954331	0.175859078099491	0.860404655182939	0.977515950442001
ENSG00000048462	0.244549486092699	-0.100483515775491	0.250275766954331	-0.401491191090134	0.68805852237882	0.977515950442001
ENSG00000048471	0.218646548991078	0.0440132656472318	0.250275766954331	0.175859078099492	0.860404655182939	0.977515950442001
ENSG00000051523	633.599717471136	-0.336873300876497	0.229452479890266	-1.46816151665741	0.142060354852185	0.977515950442001
ENSG00000059122	0.59649308839175	-0.0261450424561888	0.252615120700877	-0.10349753563306	0.917568105272455	0.977515950442001
ENSG00000062038	1.3467894850266	-0.187486686856908	0.331578132781036	-0.565437428832854	0.571776272407448	0.977515950442001
ENSG00000064270	4.91170023693582	-0.340839183537299	0.529613180862483	-0.643562501564326	0.519859172942831	0.977515950442001
ENSG00000066813	0.193380366005218	0.0440132656472319	0.250275766954331	0.175859078099492	0.860404655182939	0.977515950442001
ENSG00000069329	0.463206428702027	-0.0225413868444692	0.252274762696856	-0.0893525242219966	0.928801752668996	0.977515950442001
ENSG00000069345	0.244549486092699	-0.100483515775491	0.250275766954331	-0.401491191090134	0.68805852237882	0.977515950442001
ENSG00000072736	0.790997908907334	-0.0245679855159821	0.271242232855286	-0.0905758120974094	0.927829652063832	0.977515950442001
ENSG00000072864	1.18806859896801	0.200416494183342	0.33798389838791	0.592976455799444	0.553196909033843	0.977515950442001
ENSG00000075399	588.675949020745	0.0383889045901867	0.247782173851121	0.154930050025522	0.876876463178137	0.977515950442001
ENSG00000083799	0.218646548991078	0.0440132656472318	0.250275766954331	0.175859078099492	0.860404655182939	0.977515950442001
ENSG00000085644	0.244549486092699	-0.100483515775491	0.250275766954331	-0.401491191090134	0.68805852237882	0.977515950442001
ENSG00000086696	23.0591666298277	0.0590541918470342	0.428102686673797	0.137943987938651	0.890284685347901	0.977515950442001
ENSG00000087253	0.437164928900215	0.112201460087211	0.252034402585811	0.445183113638662	0.656187428950775	0.977515950442001
ENSG00000087263	1.38861444687359	-0.0955382387776552	0.336608541201274	-0.283825949385308	0.776543767219304	0.977515950442001
ENSG00000089280	0.244549486092699	-0.100483515775491	0.250275766954331	-0.401491191090134	0.68805852237882	0.977515950442001
ENSG00000090238	0.411959438934867	0.107375446075045	0.251754933474204	0.426507812948369	0.669737856145773	0.977515950442001
ENSG00000090447	0.193380366005218	0.0440132656472319	0.250275766954331	0.175859078099492	0.860404655182939	0.977515950442001
ENSG00000090581	1.2143500099927	-0.133296447819795	0.331865674134283	-0.401657833903784	0.687935860663647	0.977515950442001
ENSG00000090863	1.31308175995965	0.0743494811233437	0.357331025002739	0.208068921870901	0.835175152848742	0.977515950442001
ENSG00000091262	0.489098972185398	-0.155774670436269	0.25201456938911	-0.618117717613988	0.536497743931748	0.977515950442001
ENSG00000091651	2.11262413868559	0.2452236092336	0.419412212470889	0.584683998086061	0.558760215668461	0.977515950442001
ENSG00000095906	4.16697569609261	-0.229827300551853	0.505133942744392	-0.454982888901113	0.649121549025595	0.977515950442001
ENSG00000099365	0.244549486092699	-0.100483515775491	0.250275766954331	-0.401491191090134	0.68805852237882	0.977515950442001
ENSG00000102858	0.437718430399348	-0.0299385662706578	0.25176057487856	-0.118916817238359	0.905341258074518	0.977515950442001
ENSG00000102893	0.856571217930334	0.19522557949585	0.283851454674072	0.687773750252625	0.491595268819529	0.977515950442001
ENSG00000102897	3.55204293769662	0.493890376779311	0.49649325518492	0.994757474792602	0.319854233418371	0.977515950442001
ENSG00000102908	1.16971928159022	-0.21364816408789	0.312938363390659	-0.682716435827911	0.494786041986774	0.977515950442001
ENSG00000102910	1.09461178445399	0.0238331809431054	0.333301518904736	0.071506367631998	0.942994756895657	0.977515950442001
ENSG00000102962	0.244549486092699	-0.100483515775491	0.250275766954331	-0.401491191090134	0.68805852237882	0.977515950442001
ENSG00000102967	0.377779402389227	-0.100483515775491	0.250275766954331	-0.401491191090134	0.68805852237882	0.977515950442001
ENSG00000102978	0.411853877500741	0.107359303472241	0.251755457884107	0.426442804356848	0.669785216595724	0.977515950442001
ENSG00000103018	0.596528375915806	-0.0261653124333064	0.252615421827891	-0.103577652718024	0.917504522805398	0.977515950442001
ENSG00000103021	1.30419516822248	-0.103822074112467	0.352406827838243	-0.29460857710771	0.768292909257304	0.977515950442001
ENSG00000103034	0.437727130126647	-0.0299596719331545	0.251760503839139	-0.119000683094824	0.905274814596577	0.977515950442001
ENSG00000103042	0.57103694073891	-0.0312720057340982	0.251848068574508	-0.124170123325152	0.901180577268822	0.977515950442001
ENSG00000103047	0.218646548991078	0.0440132656472318	0.250275766954331	0.175859078099492	0.860404655182939	0.977515950442001
ENSG00000103051	0.580141098015653	0.134277261674015	0.254463089336382	0.527688561921491	0.597715513349261	0.977515950442001
ENSG00000103056	1.06789459366095	0.140970686072511	0.33173398163087	0.42495099651676	0.67087239785477	0.977515950442001
ENSG00000103066	0.841304326960808	0.0732192644732391	0.301973820634592	0.242468914422351	0.808416840988843	0.977515950442001
ENSG00000103067	0.193380366005218	0.0440132656472319	0.250275766954331	0.175859078099492	0.860404655182939	0.977515950442001
ENSG00000103111	0.193380366005218	0.0440132656472319	0.250275766954331	0.175859078099492	0.860404655182939	0.977515950442001
ENSG00000103121	145.013786995903	-0.132470141607908	0.345258545718523	-0.383683889220532	0.701212754925608	0.977515950442001
ENSG00000103148	0.193380366005218	0.0440132656472319	0.250275766954331	0.175859078099492	0.860404655182939	0.977515950442001
ENSG00000103154	1.95629303984493	-0.126069341566676	0.397855345952345	-0.31687230760945	0.751340495377872	0.977515950442001
ENSG00000103168	594.471050657384	-0.131037670542886	0.228198166520601	-0.574227534519023	0.5658138390464	0.977515950442001
ENSG00000103174	0.755558804778454	-0.159971175491758	0.254336783594078	-0.628973808786825	0.529366203164189	0.977515950442001
ENSG00000103175	259.321069994152	-0.940681855451012	0.564486056439883	-1.6664394890172	0.0956259110680934	0.977515950442001
ENSG00000103194	816.823807045508	-0.407384249937473	0.214778011570873	-1.89676888689811	0.0578584473627489	0.977515950442001
ENSG00000103197	2.19944128070161	-0.12345888629026	0.43766686098892	-0.282084154169913	0.777878983203584	0.977515950442001
ENSG00000103199	0.244549486092699	-0.100483515775491	0.250275766954331	-0.401491191090134	0.68805852237882	0.977515950442001
ENSG00000103222	0.43786817714834	-0.030297223641297	0.251759363034826	-0.120341993545265	0.904212239771401	0.977515950442001
ENSG00000103241	1430.32975014198	-0.255148976409466	0.192817925318116	-1.32326377845065	0.185747672805855	0.977515950442001
ENSG00000103245	0.720586335067026	0.0606240672048885	0.262349496920911	0.231081316779367	0.817251629399569	0.977515950442001
ENSG00000103248	259.759033796033	0.476264264035564	0.274258720133296	1.73655103401667	0.0824664489117134	0.977515950442001
ENSG00000103264	1112.92462967666	-0.0203739714027	0.199941732474459	-0.101899544184967	0.918836411768243	0.977515950442001
ENSG00000103275	0.91225914969547	-0.100018616770913	0.289162211917076	-0.345891035027758	0.729424606300632	0.977515950442001
ENSG00000103313	0.906580371392356	-0.0515104105513377	0.284418777485424	-0.181107629414438	0.856283096220024	0.977515950442001
ENSG00000103319	0.437913126906349	-0.0304030530585017	0.251759004888853	-0.120762524748316	0.903879133724715	0.977515950442001
ENSG00000103335	3053.99955115423	-0.109766314239226	0.212340923234856	-0.516934336382352	0.605201997405297	0.977515950442001
ENSG00000103342	0.571084859260392	-0.0312954256882089	0.251848419391202	-0.124262942621836	0.90110708734323	0.977515950442001
ENSG00000103351	0.7896721590617	0.0127566692834114	0.292497039722252	0.0436129859485922	0.965212900257709	0.977515950442001
ENSG00000103353	0.193380366005218	0.0440132656472319	0.250275766954331	0.175859078099492	0.860404655182939	0.977515950442001
ENSG00000103365	4.99097087710631	0.209102756647174	0.530256419486555	0.394342716019633	0.69332803017792	0.977515950442001
ENSG00000103381	0.463220252575245	-0.0226060024195993	0.252274516805767	-0.0896087433080062	0.928598136207012	0.977515950442001
ENSG00000103404	0.244549486092699	-0.100483515775491	0.250275766954331	-0.401491191090134	0.68805852237882	0.977515950442001
ENSG00000103415	0.377779402389227	-0.100483515775491	0.250275766954331	-0.401491191090134	0.68805852237882	0.977515950442001
ENSG00000103423	1.21368364016462	-0.122747091784429	0.321519242422502	-0.381772147942329	0.702630379505777	0.977515950442001
ENSG00000103429	0.218646548991078	0.0440132656472318	0.250275766954331	0.175859078099492	0.860404655182939	0.977515950442001
ENSG00000103472	1.86033358498905	0.0306116223282316	0.417598467496191	0.0733039623247918	0.941564238706081	0.977515950442001
ENSG00000103479	0.656461049282846	0.0364629094202509	0.27467611103293	0.132748746453161	0.894392089892968	0.977515950442001
ENSG00000103485	3.16876626588975	0.179010227634241	0.462172565578923	0.387323352717854	0.698516839191892	0.977515950442001
ENSG00000103494	0.799477050541853	0.180510632271965	0.275688649389631	0.654762655885949	0.512620577750947	0.977515950442001
ENSG00000103528	0.377779402389227	-0.100483515775491	0.250275766954331	-0.401491191090134	0.68805852237882	0.977515950442001
ENSG00000103544	0.881061979783859	0.0250861180841113	0.285154978606608	0.0879736282588962	0.929897636457425	0.977515950442001
ENSG00000104731	163.140894713379	0.229127059534794	0.319727956482133	0.716631295104148	0.473601629115472	0.977515950442001
ENSG00000121281	0.193380366005218	0.0440132656472319	0.250275766954331	0.175859078099492	0.860404655182939	0.977515950442001
ENSG00000124067	0.193380366005217	0.0440132656472318	0.250275766954331	0.175859078099492	0.860404655182939	0.977515950442001
ENSG00000124391	0.244549486092699	-0.100483515775491	0.250275766954331	-0.401491191090134	0.68805852237882	0.977515950442001
ENSG00000125107	2.85202312899622	-0.536232202472256	0.411877068102336	-1.3019229376932	0.192942730408642	0.977515950442001
ENSG00000125124	0.193380366005218	0.0440132656472319	0.250275766954331	0.175859078099492	0.860404655182939	0.977515950442001
ENSG00000125149	1.90114888746331	-0.278706365873142	0.42214043010587	-0.660221921419002	0.509111426671544	0.977515950442001
ENSG00000125166	0.656527619572115	0.0378486008291249	0.25536656223876	0.148212829813394	0.882174806918232	0.977515950442001
ENSG00000126602	0.386760732010435	0.10236096210427	0.251455576249305	0.407073740940962	0.683953829025146	0.977515950442001
ENSG00000126856	0.193380366005218	0.0440132656472319	0.250275766954331	0.175859078099492	0.860404655182939	0.977515950442001
ENSG00000129910	3.77392349355886	-0.153518106855558	0.506699880121901	-0.302976402557319	0.76190784494303	0.977515950442001
ENSG00000129993	1.2517202819848	0.27977099228493	0.331131866688993	0.844892988048469	0.398170589801654	0.977515950442001
ENSG00000131143	3249.01246057911	-0.0202738592079936	0.177736524292846	-0.11406692737273	0.909184739199926	0.977515950442001
ENSG00000131148	352.066759702699	-0.435061029293362	0.25505477700793	-1.70575526715124	0.0880536549240241	0.977515950442001
ENSG00000131152	10.1546689820784	0.563793455813544	0.563777564637473	1.00002818696072	0.317296867216544	0.977515950442001
ENSG00000131153	18.4577438356123	0.315403576332124	0.561231227024974	0.561985080559476	0.574126184165453	0.977515950442001
ENSG00000131165	1412.14174246257	-0.0756194414520491	0.198526309252139	-0.380903879878249	0.703274573411516	0.977515950442001
ENSG00000132600	0.218646548991078	0.0440132656472318	0.250275766954331	0.175859078099492	0.860404655182939	0.977515950442001
ENSG00000132603	0.377779402389227	-0.100483515775491	0.250275766954331	-0.401491191090134	0.68805852237882	0.977515950442001
ENSG00000132604	3.23183004290328	0.0261467582633381	0.453291711917248	0.0576819685335685	0.954001956804601	0.977515950442001
ENSG00000133392	0.437914434731785	-0.0304061199009707	0.251758994503232	-0.120774711390025	0.903869480842675	0.977515950442001
ENSG00000133393	2.58310970026085	0.152030933642214	0.438620766627426	0.346611344490565	0.728883322019516	0.977515950442001
ENSG00000134398	0.377779402389227	-0.100483515775491	0.250275766954331	-0.401491191090134	0.68805852237882	0.977515950442001
ENSG00000134419	0.760529854124995	0.0459810878692241	0.289662747353401	0.158740080625988	0.873873658756402	0.977515950442001
ENSG00000135686	1459.09148232002	-0.212261838440522	0.193924383326253	-1.09455982171886	0.273709525878699	0.977515950442001
ENSG00000135697	2.05472854892131	0.377869474330361	0.415437794175668	0.909569325728171	0.36304968160058	0.977515950442001
ENSG00000135698	262.79125014635	-0.21374341538444	0.278964510386133	-0.766202894728735	0.443555586242943	0.977515950442001
ENSG00000135709	1191.63811052556	0.210603351285517	0.235414907362928	0.894604991861622	0.370998282424212	0.977515950442001
ENSG00000135720	0.681709799891568	0.036772730980054	0.257116552025026	0.143019695505542	0.886274626331888	0.977515950442001
ENSG00000135722	0.411777542305004	0.107347628598944	0.251755837151431	0.426395788131716	0.669819469956916	0.977515950442001
ENSG00000140623	1.00933583785821	-0.0550452751902874	0.321177301889506	-0.171385944356755	0.863920306043082	0.977515950442001
ENSG00000140650	0.437913508483543	-0.0304039479259123	0.251759001858495	-0.120766080662336	0.903876317129521	0.977515950442001
ENSG00000140678	0.386760732010435	0.10236096210427	0.251455576249305	0.407073740940962	0.683953829025146	0.977515950442001
ENSG00000140740	1.79474546490473	0.0689886664829992	0.392096255423744	0.175948292106085	0.860334565497281	0.977515950442001
ENSG00000140749	1.41948081143897	0.161097594587193	0.365334654631108	0.44095897431318	0.659242697840242	0.977515950442001
ENSG00000140750	0.218646548991078	0.0440132656472318	0.250275766954331	0.175859078099492	0.860404655182939	0.977515950442001
ENSG00000140830	0.411924004753733	0.107354313258569	0.251755619973359	0.426422708140255	0.669799857477944	0.977515950442001
ENSG00000140832	1.45780337374635	0.0914570770789356	0.34241946891255	0.267090762594146	0.789399279707692	0.977515950442001
ENSG00000140853	0.218646548991078	0.0440132656472318	0.250275766954331	0.175859078099492	0.860404655182939	0.977515950442001
ENSG00000140859	1.89876998609657	0.213603950106795	0.381095462754261	0.560499851042655	0.575138541239682	0.977515950442001
ENSG00000140905	242.387952860022	-0.0544008060689895	0.290827831120679	-0.187055021038945	0.851617493635515	0.977515950442001
ENSG00000140939	1.01882727784107	0.23062657857587	0.305292668274694	0.755427832182196	0.449992318784757	0.977515950442001
ENSG00000140941	3328.30923297379	-0.130328994285724	0.198073147887514	-0.657984162294111	0.510548308105006	0.977515950442001
ENSG00000140943	3361.6912665938	0.0926811288577875	0.188862937540011	0.490732221286947	0.623615853922368	0.977515950442001
ENSG00000140945	554.399879528654	-0.0799862589644286	0.261230761742965	-0.306190046037267	0.759459950802043	0.977515950442001
ENSG00000140948	1221.0999286151	0.119027687469809	0.208802062995931	0.570050342233107	0.568643554032093	0.977515950442001
ENSG00000140950	399.098684044207	-0.269268506566384	0.25933156622738	-1.03831751176134	0.299122258530224	0.977515950442001
ENSG00000140955	0.244549486092699	-0.100483515775491	0.250275766954331	-0.401491191090134	0.68805852237882	0.977515950442001
ENSG00000140961	177.166284665056	-0.343935723970355	0.353486660229838	-0.972980773154856	0.33056285802002	0.977515950442001
ENSG00000140968	0.218646548991078	0.0440132656472318	0.250275766954331	0.175859078099492	0.860404655182939	0.977515950442001
ENSG00000140986	0.680646188867278	0.0359579811277895	0.256969213407805	0.139931086105342	0.888714439758911	0.977515950442001
ENSG00000140995	0.377779402389227	-0.100483515775491	0.250275766954331	-0.401491191090134	0.68805852237882	0.977515950442001
ENSG00000141002	2280.4702815644	0.0763023892504306	0.177373551280247	0.430179069538244	0.667065386153544	0.977515950442001
ENSG00000141012	545.654370643305	-0.152713430713167	0.229292180533681	-0.666021101800001	0.505397612650261	0.977515950442001
ENSG00000141098	1.48882323827927	0.0605205876704248	0.364828742880462	0.165887663325515	0.868245356217582	0.977515950442001
ENSG00000149923	0.244549486092699	-0.100483515775491	0.250275766954331	-0.401491191090134	0.68805852237882	0.977515950442001
ENSG00000149925	0.59652656862175	-0.0261642747122113	0.252615406410441	-0.10357355113053	0.917507777891694	0.977515950442001
ENSG00000149926	0.244549486092699	-0.100483515775491	0.250275766954331	-0.401491191090134	0.68805852237882	0.977515950442001
ENSG00000149927	0.377779402389227	-0.100483515775491	0.250275766954331	-0.401491191090134	0.68805852237882	0.977515950442001
ENSG00000150394	1.98622014831663	-0.141411630255386	0.381012813784107	-0.371146652132056	0.71052830514844	0.977515950442001
ENSG00000153048	0.610552674519653	0.13731391000464	0.254847272972205	0.538808629981364	0.590018908238971	0.977515950442001
ENSG00000153066	0.815007048559793	0.0150127287639101	0.274448334402555	0.0547014752215246	0.956376294067517	0.977515950442001
ENSG00000153446	0.386760732010435	0.10236096210427	0.251455576249305	0.407073740940962	0.683953829025146	0.977515950442001
ENSG00000153774	0.244549486092699	-0.100483515775491	0.250275766954331	-0.401491191090134	0.68805852237882	0.977515950442001
ENSG00000153786	3815.65754104619	-0.179595088523781	0.202558406085417	-0.886633598647336	0.375276198616739	0.977515950442001
ENSG00000153789	1.94703716494678	-0.360307137723573	0.401278592242984	-0.897897731622318	0.36924007412448	0.977515950442001
ENSG00000153815	389.199588117965	0.303890356221521	0.272540354748281	1.11502884225052	0.264838062270459	0.977515950442001
ENSG00000154099	8.81318857795613	0.468689516050733	0.570318451462816	0.821803178292033	0.411188924566762	0.977515950442001
ENSG00000154118	1.15373707128664	-0.154485481124451	0.354149031541918	-0.436216020277796	0.662680005643855	0.977515950442001
ENSG00000155330	0.193380366005217	0.0440132656472318	0.250275766954331	0.175859078099492	0.860404655182939	0.977515950442001
ENSG00000155393	0.425305705542843	0.107209804386135	0.251983969310223	0.425462797016846	0.670499336428892	0.977515950442001
ENSG00000156873	0.218646548991078	0.0440132656472318	0.250275766954331	0.175859078099491	0.860404655182939	0.977515950442001
ENSG00000156968	2.9791824389071	0.0528477219496409	0.478639923112296	0.110412273188591	0.912082420044169	0.977515950442001
ENSG00000157045	2.60537266896323	-0.320717314394405	0.45885423253089	-0.698952503119418	0.484581714261759	0.977515950442001
ENSG00000157106	0.386760732010435	0.10236096210427	0.251455576249305	0.407073740940962	0.683953829025145	0.977515950442001
ENSG00000157322	0.799505176845201	0.180517670482878	0.27569219205741	0.654779771366492	0.512609556455785	0.977515950442001
ENSG00000157350	1.51960818373717	-0.142394954698503	0.345257635660807	-0.412431008009325	0.680023539405072	0.977515950442001
ENSG00000157353	4.2310489731288	-0.494767193562409	0.485573033838922	-1.01893465881085	0.308233988136796	0.977515950442001
ENSG00000158482	0.377779402389227	-0.100483515775491	0.250275766954331	-0.401491191090134	0.68805852237882	0.977515950442001
ENSG00000158486	0.411955568683412	0.10737485427578	0.251754952699545	0.426505429682353	0.669739592393874	0.977515950442001
ENSG00000158545	758.179641180653	-0.0612940013550306	0.208632206052374	-0.293789738961221	0.768918576388599	0.977515950442001
ENSG00000158717	142.892339827405	0.0143449196987237	0.325948252470424	0.0440098070475937	0.964896586549556	0.977515950442001
ENSG00000158792	95.3965580674198	-0.501857983998873	0.380420349461808	-1.31921960722886	0.187095705127977	0.977515950442001
ENSG00000158805	298.046455707892	0.040636173072927	0.261555617226823	0.155363411819548	0.876534827016191	0.977515950442001
ENSG00000159461	0.437293097982156	0.112239477922123	0.252034220600638	0.445334279030198	0.656078198973933	0.977515950442001
ENSG00000159593	0.218646548991078	0.0440132656472318	0.250275766954331	0.175859078099492	0.860404655182939	0.977515950442001
ENSG00000159648	0.789688840163465	0.0127811468641005	0.292500174067705	0.0436962025914627	0.965146566220473	0.977515950442001
ENSG00000159708	0.759411061160843	-0.0121461422035426	0.267369131451109	-0.045428363916287	0.963765873183921	0.977515950442001
ENSG00000159720	0.411610571175518	0.107322087025406	0.251756666879497	0.426292929421313	0.669894409387401	0.977515950442001
ENSG00000161980	2.08407124196091	-0.0482551315535026	0.431760065237726	-0.111763767515028	0.911010716813986	0.977515950442001
ENSG00000161996	1.55369617270342	-0.387300844072039	0.360820207151997	-1.07339011617187	0.283096117280683	0.977515950442001
ENSG00000162063	0.377779402389227	-0.100483515775491	0.250275766954331	-0.401491191090134	0.688058522378821	0.977515950442001
ENSG00000162065	1.33925054715156	-0.0352520654619358	0.356746602354693	-0.0988154203270775	0.921284824767424	0.977515950442001
ENSG00000162086	0.193380366005218	0.0440132656472318	0.250275766954331	0.175859078099492	0.860404655182939	0.977515950442001
ENSG00000162104	0.218646548991078	0.0440132656472318	0.250275766954331	0.175859078099492	0.860404655182939	0.977515950442001
ENSG00000166123	1.75491925807812	-0.387016193360923	0.369155115688502	-1.04838366560114	0.294461876212394	0.977515950442001
ENSG00000166446	144.650481571955	-0.415273605981243	0.340535752556939	-1.21947138549515	0.222665330042448	0.977515950442001
ENSG00000166451	89.4216127067561	-0.375164475451297	0.395695036205831	-0.948115192570031	0.343070814773041	0.977515950442001
ENSG00000166454	1463.46355402681	0.140284926326474	0.201197951434592	0.697248283723602	0.485647426857295	0.977515950442001
ENSG00000166455	17.1418319849726	0.357140006295046	0.56319796510403	0.634128722800121	0.525996819232127	0.977515950442001
ENSG00000166676	6.02906717723988	-0.343677354474095	0.549119055082977	-0.62587038510649	0.531399960680326	0.977515950442001
ENSG00000166747	0.462870807065937	-0.0226230062886075	0.252268873854692	-0.0896781515013161	0.928542978549047	0.977515950442001
ENSG00000166822	1.71310669294306	-0.0981531733586885	0.358492354261059	-0.273794328364426	0.784242682448668	0.977515950442001
ENSG00000166971	1.73387460614781	-0.399716204883479	0.373789017950034	-1.06936315859582	0.284906061351361	0.977515950442001
ENSG00000167005	2.01372280911426	-0.156006232155402	0.404420754819192	-0.38575228965474	0.699680132820425	0.977515950442001
ENSG00000167208	0.841013300871547	-0.105541160779129	0.300475616607357	-0.351247006232269	0.725403047986894	0.977515950442001
ENSG00000167508	324.834447337161	-0.083287783298223	0.276165836004353	-0.301586121235177	0.762967589304089	0.977515950442001
ENSG00000167513	21.5873089950652	0.0921084187362412	0.550103562649222	0.167438324326896	0.867025172341213	0.977515950442001
ENSG00000167515	625.458834651797	0.0643382229368743	0.217327566407043	0.296042623586794	0.767197530590549	0.977515950442001
ENSG00000167522	4027.39513121914	0.0847822531407993	0.179370719806048	0.472664954639607	0.636452233137179	0.977515950442001
ENSG00000167523	64.9572930776835	0.0214739760949635	0.425388376258762	0.0504808718184179	0.959739192045733	0.977515950442001
ENSG00000167526	18055.3976236498	0.0243256122203201	0.180429174579019	0.134820836359071	0.892753531214553	0.977515950442001
ENSG00000167930	0.437293097982156	0.112239477922123	0.252034220600638	0.445334279030198	0.656078198973933	0.977515950442001
ENSG00000167984	1.41625090987987	0.314216942458728	0.34745574413346	0.90433658894422	0.365816950946728	0.977515950442001
ENSG00000168096	1.35784900365247	-0.0597756387398317	0.332247013507501	-0.17991324619832	0.857220675926766	0.977515950442001
ENSG00000168404	1.41153874986528	-0.0159396133581977	0.335427143521205	-0.0475203443313168	0.962098516219079	0.977515950442001
ENSG00000168434	0.46366993432472	0.105321788889018	0.252660378053571	0.416851228120487	0.676787229253954	0.977515950442001
ENSG00000168589	6.75088269235101	-0.215316760444334	0.550093359855264	-0.391418577568335	0.695487862598222	0.977515950442001
ENSG00000168676	0.9099525254736	0.159048109081435	0.283922243232903	0.560181926116182	0.575355353748065	0.977515950442001
ENSG00000168807	0.866891609059182	-0.207623808659426	0.284824744095699	-0.728952848947935	0.466030505318589	0.977515950442001
ENSG00000168872	1.09761157558096	0.126519553018631	0.328738015892892	0.384864381063411	0.700337896793035	0.977515950442001
ENSG00000169181	2.32056439206261	0.388697460786781	0.376219348319367	1.03316712051934	0.301525696827916	0.977515950442001
ENSG00000169221	0.244549486092699	-0.100483515775491	0.250275766954331	-0.401491191090134	0.68805852237882	0.977515950442001
ENSG00000169347	0.841032728479019	-0.105607711825302	0.300479508827728	-0.351463939212739	0.725240321341386	0.977515950442001
ENSG00000169955	0.733648458278097	-0.162422322800783	0.255674522930528	-0.635269877260774	0.525252416103252	0.977515950442001
ENSG00000170100	65.9203229001169	0.270790882478258	0.424753213715737	0.637525211662044	0.52378279317108	0.977515950442001
ENSG00000170537	2.18876023722372	-0.176891613970808	0.434703553266709	-0.406924702228689	0.684063292458281	0.977515950442001
ENSG00000171208	0.193380366005218	0.0440132656472319	0.250275766954331	0.175859078099492	0.860404655182939	0.977515950442001
ENSG00000172382	4.37639486706272	-0.130485426430234	0.521830116751009	-0.250053460391775	0.802546006052425	0.977515950442001
ENSG00000172530	185.480162099068	0.548175006660419	0.314096098455085	1.74524615032366	0.0809420310388829	0.977515950442001
ENSG00000172775	2.16965833448077	-0.147743009750845	0.384825619116413	-0.383921969878391	0.701036282291677	0.977515950442001
ENSG00000174177	153.348863389276	0.337339157935182	0.334505185188158	1.00847213398331	0.313227858804986	0.977515950442001
ENSG00000174992	0.244549486092699	-0.100483515775491	0.250275766954331	-0.401491191090134	0.68805852237882	0.977515950442001
ENSG00000175311	1.28521423220184	0.278611314443806	0.330474286760114	0.843065029885504	0.399192075270129	0.977515950442001
ENSG00000175595	2.13619425537575	-0.202465922098189	0.402007511802809	-0.503637161380958	0.614516373585776	0.977515950442001
ENSG00000175604	0.193380366005218	0.0440132656472319	0.250275766954331	0.175859078099492	0.860404655182939	0.977515950442001
ENSG00000176678	485.302539106915	-0.064562210032452	0.275952825260233	-0.233961040158106	0.815015224744272	0.977515950442001
ENSG00000176692	25.0075358925099	-0.139586677559171	0.534323216474748	-0.261240150634121	0.793907317099724	0.977515950442001
ENSG00000176715	298.075843188392	-0.238192118006875	0.262246968004285	-0.908274058684194	0.363733444677167	0.977515950442001
ENSG00000176953	1.82406000210039	-0.145032540628894	0.395004947008731	-0.367166390515326	0.713494907648294	0.977515950442001
ENSG00000177200	0.377779402389227	-0.100483515775491	0.250275766954331	-0.401491191090134	0.68805852237882	0.977515950442001
ENSG00000177548	0.522897357869836	0.105094462560287	0.253203336919491	0.415059547946253	0.678098311474544	0.977515950442001
ENSG00000178188	0.193380366005218	0.0440132656472319	0.250275766954331	0.175859078099492	0.860404655182939	0.977515950442001
ENSG00000178430	0.596586120898361	-0.0261984443046733	0.252615914140401	-0.103708605983202	0.917400596899421	0.977515950442001
ENSG00000178773	33.0240409756745	0.211483467324105	0.52557851893107	0.402382250618277	0.687402730624047	0.977515950442001
ENSG00000179583	2.21014625750461	0.153577111070784	0.419504785071931	0.366091440517061	0.714296844327445	0.977515950442001
ENSG00000179588	88.3563930524434	0.591935136774086	0.396024829638875	1.49469198008079	0.134994848306215	0.977515950442001
ENSG00000179889	0.193380366005218	0.0440132656472318	0.250275766954331	0.175859078099492	0.860404655182939	0.977515950442001
ENSG00000180096	0.218646548991078	0.0440132656472318	0.250275766954331	0.175859078099492	0.860404655182939	0.977515950442001
ENSG00000180185	0.974732903301944	-0.114337266009694	0.294386707933025	-0.3883914012711	0.697726406572656	0.977515950442001
ENSG00000180917	0.193380366005218	0.0440132656472319	0.250275766954331	0.175859078099492	0.860404655182939	0.977515950442001
ENSG00000181938	1.8857354820459	-0.316263551817584	0.363254893525215	-0.870638104137833	0.383951784204351	0.977515950442001
ENSG00000182149	0.386760732010435	0.10236096210427	0.251455576249305	0.407073740940962	0.683953829025146	0.977515950442001
ENSG00000182685	0.218646548991078	0.0440132656472318	0.250275766954331	0.175859078099491	0.860404655182939	0.977515950442001
ENSG00000182831	0.244549486092699	-0.100483515775491	0.250275766954331	-0.401491191090134	0.68805852237882	0.977515950442001
ENSG00000183426	0.605822417396053	0.136838808541867	0.25478303396638	0.537079751393192	0.591212526877941	0.977515950442001
ENSG00000184110	0.218646548991078	0.0440132656472318	0.250275766954331	0.175859078099492	0.860404655182939	0.977515950442001
ENSG00000184860	3.51970204845462	-0.0837439852221519	0.469771085118875	-0.178265516705781	0.858514458700054	0.977515950442001
ENSG00000185324	501.491894358398	0.13644211661348	0.252651033111831	0.540041791766934	0.589168211649511	0.977515950442001
ENSG00000185669	4.18363375858859	0.686067701716049	0.498913552502675	1.37512340218974	0.169093190242342	0.977515950442001
ENSG00000185864	0.841126774263433	-0.105927598751776	0.300498298226773	-0.352506484651826	0.724458456137338	0.977515950442001
ENSG00000186153	0.386760732010435	0.10236096210427	0.251455576249305	0.407073740940962	0.683953829025146	0.977515950442001
ENSG00000186187	0.622025013351775	-0.156838370340527	0.252597196144343	-0.620903053297963	0.534663412104637	0.977515950442001
ENSG00000186260	6.31010297122943	0.101607306391881	0.554515255115811	0.183236268893378	0.854612637638159	0.977515950442001
ENSG00000187741	57.2341731456308	0.339213936517761	0.447482644660436	0.758049369211105	0.448421428265765	0.977515950442001
ENSG00000188603	2.29421654839994	0.10144670564531	0.447382180991303	0.226756249926016	0.820613285036752	0.977515950442001
ENSG00000188827	1.99633241602903	0.0650019314212719	0.402544442079396	0.161477652220202	0.871717211311012	0.977515950442001
ENSG00000188897	1.63857132939053	0.207458142946771	0.383177523687315	0.541415219114113	0.588221419542176	0.977515950442001
ENSG00000189091	0.68117293400846	-0.0702322014470721	0.258221164616097	-0.271984682400019	0.78563379720175	0.977515950442001
ENSG00000196408	0.244549486092699	-0.100483515775491	0.250275766954331	-0.401491191090134	0.68805852237882	0.977515950442001
ENSG00000196470	0.244549486092699	-0.100483515775491	0.250275766954331	-0.401491191090134	0.68805852237882	0.977515950442001
ENSG00000196502	0.377779402389227	-0.100483515775491	0.250275766954331	-0.401491191090134	0.68805852237882	0.977515950442001
ENSG00000196927	1.38540575626339	-0.0229946499273118	0.357417077336807	-0.064335621841715	0.948702990066304	0.977515950442001
ENSG00000197162	1.62603611330536	-0.15286903135775	0.352126624220658	-0.434130851923187	0.664193422840845	0.977515950442001
ENSG00000197253	2.2228195197017	0.233948314860929	0.440003763195397	0.531696168146265	0.594936446302275	0.977515950442001
ENSG00000197302	0.193380366005218	0.0440132656472319	0.250275766954331	0.175859078099492	0.860404655182939	0.977515950442001
ENSG00000197471	1.21157461627609	0.270850502755621	0.326734518196149	0.828962009434891	0.407125904836669	0.977515950442001
ENSG00000197912	1088.60638642346	-0.035213900878015	0.202147126278277	-0.174199364227119	0.861708785172047	0.977515950442001
ENSG00000198211	0.77352146402087	0.153465180967323	0.256684989936092	0.597873607668028	0.549924271310487	0.977515950442001
ENSG00000198373	0.218646548991078	0.0440132656472318	0.250275766954331	0.175859078099492	0.860404655182939	0.977515950442001
ENSG00000198931	723.873033112792	-0.0912112061034358	0.214262198835262	-0.425699010834686	0.670327182933279	0.977515950442001
ENSG00000203401	5.44424468329942	0.167197055513152	0.535629439280789	0.312150608707493	0.75492606643961	0.977515950442001
ENSG00000204991	87.1052222355064	0.542326467254553	0.403318210213642	1.34466149437507	0.178734574808994	0.977515950442001
ENSG00000205047	78.9440733791642	-0.0849788097855349	0.406929428817066	-0.208829354103404	0.834581455247248	0.977515950442001
ENSG00000205336	1.30786251867829	-0.0492089310419625	0.33743244076501	-0.145833432406198	0.884052882792095	0.977515950442001
ENSG00000205423	0.656523560150047	0.0365388869490364	0.274684180708773	0.133021446137722	0.894176419657594	0.977515950442001
ENSG00000205730	0.631341934408835	0.0266219672078903	0.255254452257268	0.104295799632354	0.916934611144036	0.977515950442001
ENSG00000205937	1.33242258112599	0.116410516507186	0.352890048833692	0.329877583377387	0.741492462152518	0.977515950442001
ENSG00000206053	0.218646548991078	0.0440132656472318	0.250275766954331	0.175859078099492	0.860404655182939	0.977515950442001
ENSG00000213380	0.193380366005218	0.0440132656472319	0.250275766954331	0.175859078099492	0.860404655182939	0.977515950442001
ENSG00000213648	0.193380366005218	0.0440132656472319	0.250275766954331	0.175859078099492	0.860404655182939	0.977515950442001
ENSG00000213658	0.377779402389227	-0.100483515775491	0.250275766954331	-0.401491191090134	0.68805852237882	0.977515950442001
ENSG00000213853	3.573146963737	-0.048572608644775	0.498814503439589	-0.0973760953417377	0.92242772765279	0.977515950442001
ENSG00000213918	1.0289088955468	0.22886219534574	0.304216462923651	0.752300494017569	0.451870370840908	0.977515950442001
ENSG00000214696	0.681437413842773	0.0365654435078033	0.257078842972709	0.142234355363444	0.886894895988781	0.977515950442001
ENSG00000223496	0.875748841530329	-0.0244556266290195	0.284584027685862	-0.0859346423194731	0.931518372770721	0.977515950442001
ENSG00000223959	0.218646548991078	0.0440132656472318	0.250275766954331	0.175859078099492	0.860404655182939	0.977515950442001
ENSG00000225614	565.726026002707	0.16296922118565	0.243077394419753	0.670441698516111	0.502576260417321	0.977515950442001
ENSG00000226180	1.43132728052322	0.218735713606221	0.365053428425623	0.599188218967203	0.549047378041375	0.977515950442001
ENSG00000228146	0.386760732010435	0.10236096210427	0.251455576249305	0.407073740940962	0.683953829025146	0.977515950442001
ENSG00000230989	1352.20306535829	-0.183096434242075	0.201522571846273	-0.908565390787815	0.363579582182067	0.977515950442001
ENSG00000232196	0.245123850033023	-0.100668932344817	0.250275766954331	-0.402232040160672	0.687513264328087	0.977515950442001
ENSG00000240634	0.867110403699781	-0.207670926284461	0.284856065259072	-0.729038105948659	0.465978353363166	0.977515950442001
ENSG00000242612	0.193380366005218	0.0440132656472319	0.250275766954331	0.175859078099492	0.860404655182939	0.977515950442001
ENSG00000243697	7.01205912543527	0.133916972955944	0.561084167222227	0.238675373106552	0.811357314337109	0.977515950442001
ENSG00000244378	0.244549486092699	-0.100483515775491	0.250275766954331	-0.401491191090134	0.68805852237882	0.977515950442001
ENSG00000248124	0.218646548991078	0.0440132656472318	0.250275766954331	0.175859078099492	0.860404655182939	0.977515950442001
ENSG00000249961	0.755558804778454	-0.159971175491758	0.254336783594078	-0.628973808786825	0.529366203164189	0.977515950442001
ENSG00000255185	0.377779402389227	-0.100483515775491	0.250275766954331	-0.401491191090134	0.68805852237882	0.977515950442001
ENSG00000256390	44.6518818380598	-0.408916272799461	0.491276720253558	-0.832354263781135	0.405209009762775	0.977515950442001
ENSG00000258130	1.88943049237384	0.314318954929878	0.402611481505152	0.780700425518927	0.434978710298409	0.977515950442001
ENSG00000258839	119.040188954714	0.0573572222667856	0.358220792299439	0.160116954402916	0.872788945801224	0.977515950442001
ENSG00000259803	0.662389031962227	0.0241967340293304	0.275434245247783	0.0878494030673737	0.929996371547781	0.977515950442001
ENSG00000260078	1.06928225466184	0.0163297984530625	0.306755605781212	0.0532339039460274	0.957545542460229	0.977515950442001
ENSG00000260259	3.6486575513554	-0.0680482343051048	0.503610611157025	-0.135120731766884	0.892516418916433	0.977515950442001
ENSG00000260300	7.0728418710695	0.28182561200971	0.561676561334934	0.501757828989511	0.615837880588858	0.977515950442001
ENSG00000260413	0.244549486092699	-0.100483515775491	0.250275766954331	-0.401491191090134	0.68805852237882	0.977515950442001
ENSG00000260456	34.492878907605	-1.04351761059172	0.509540512140189	-2.04795808327135	0.0405641067738914	0.977515950442001
ENSG00000260644	0.388298816003932	0.102645388141994	0.251479516765618	0.408165998814371	0.683151808738206	0.977515950442001
ENSG00000260818	2.25905081657871	0.0648551246450184	0.442048692044501	0.146714888681289	0.883357066311392	0.977515950442001
ENSG00000260908	0.841037344287791	-0.10562347783141	0.300480432400439	-0.35151532826154	0.725201774997397	0.977515950442001
ENSG00000261052	0.193380366005218	0.0440132656472319	0.250275766954331	0.175859078099492	0.860404655182939	0.977515950442001
ENSG00000261427	1.05886368228941	-0.0455816814003637	0.325918899387487	-0.139855901225818	0.888773844479411	0.977515950442001
ENSG00000261556	1.2017272988964	0.112474740661219	0.344352228907755	0.326627015071096	0.743950008206625	0.977515950442001
ENSG00000261567	3.96502640132733	0.464632925911622	0.510885852661546	0.909465242560619	0.363104596684849	0.977515950442001
ENSG00000261599	0.835781810103591	0.0667698891546627	0.27833483419987	0.239890523752107	0.810415127344483	0.977515950442001
ENSG00000261609	179.568342118306	-0.566489655079044	0.306057867194729	-1.85092335730947	0.0641805799556137	0.977515950442001
ENSG00000261732	0.377779402389227	-0.100483515775491	0.250275766954331	-0.401491191090134	0.68805852237882	0.977515950442001
ENSG00000261884	1.15150319079557	0.0846352547098771	0.313258269882138	0.270177239827446	0.787023901779776	0.977515950442001
ENSG00000262246	0.218646548991078	0.0440132656472318	0.250275766954331	0.175859078099492	0.860404655182939	0.977515950442001
ENSG00000262601	19.5361681431207	0.5215269347597	0.557404120429656	0.935635234195432	0.349461027021934	0.977515950442001
ENSG00000267795	0.244549486092699	-0.100483515775491	0.250275766954331	-0.401491191090134	0.68805852237882	0.977515950442001
ENSG00000268218	11.3437593636304	0.0243699226545343	0.57368486669927	0.0424796331037074	0.966116347521395	0.977515950442001
ENSG00000268473	0.437293097982156	0.112239477922123	0.252034220600638	0.445334279030198	0.656078198973932	0.977515950442001
ENSG00000269121	0.82270253758737	-0.111696278685947	0.29823297507411	-0.37452692365152	0.708012329551327	0.977515950442001
ENSG00000269205	0.218646548991078	0.0440132656472318	0.250275766954331	0.175859078099492	0.860404655182939	0.977515950442001
ENSG00000270385	0.244549486092699	-0.100483515775491	0.250275766954331	-0.401491191090134	0.68805852237882	0.977515950442001
ENSG00000169682	2.04197892533451	0.0147999438924547	0.430189095364918	0.0344033450682899	0.972555516073617	0.980265881615398
ENSG00000237515	6.50879348602937	0.0176959003162045	0.554692192960073	0.0319021982656212	0.974550045570994	0.980265881615398
ENSG00000103160	376.028396149408	4.60695846365018e-05	0.251246866281215	0.000183363817899074	0.999853696841508	0.999853696841508
ENSG00000176723	1.74092113937713	-0.000885151965662521	0.385087272797743	-0.0022985749677773	0.998166004136333	0.999853696841508
ENSG00000003249	0	NA	NA	NA	NA	NA
ENSG00000004779	0	NA	NA	NA	NA	NA
ENSG00000005001	0	NA	NA	NA	NA	NA
ENSG00000005187	0	NA	NA	NA	NA	NA
ENSG00000005194	0	NA	NA	NA	NA	NA
ENSG00000005513	0	NA	NA	NA	NA	NA
ENSG00000006007	0	NA	NA	NA	NA	NA
ENSG00000006116	0	NA	NA	NA	NA	NA
ENSG00000006194	0	NA	NA	NA	NA	NA
ENSG00000006327	0	NA	NA	NA	NA	NA
ENSG00000007038	0	NA	NA	NA	NA	NA
ENSG00000007376	0	NA	NA	NA	NA	NA
ENSG00000007384	0	NA	NA	NA	NA	NA
ENSG00000007516	0	NA	NA	NA	NA	NA
ENSG00000007520	0	NA	NA	NA	NA	NA
ENSG00000007545	0	NA	NA	NA	NA	NA
ENSG00000008516	0	NA	NA	NA	NA	NA
ENSG00000034713	0	NA	NA	NA	NA	NA
ENSG00000038358	0	NA	NA	NA	NA	NA
ENSG00000039523	0	NA	NA	NA	NA	NA
ENSG00000047578	0	NA	NA	NA	NA	NA
ENSG00000050820	0	NA	NA	NA	NA	NA
ENSG00000051108	0	NA	NA	NA	NA	NA
ENSG00000052344	0	NA	NA	NA	NA	NA
ENSG00000058600	0	NA	NA	NA	NA	NA
ENSG00000059145	0	NA	NA	NA	NA	NA
ENSG00000063854	0	NA	NA	NA	NA	NA
ENSG00000065054	0	NA	NA	NA	NA	NA
ENSG00000065057	0	NA	NA	NA	NA	NA
ENSG00000065427	0	NA	NA	NA	NA	NA
ENSG00000065457	0	NA	NA	NA	NA	NA
ENSG00000066654	0	NA	NA	NA	NA	NA
ENSG00000067365	0	NA	NA	NA	NA	NA
ENSG00000067836	0	NA	NA	NA	NA	NA
ENSG00000067955	0	NA	NA	NA	NA	NA
ENSG00000069764	0	NA	NA	NA	NA	NA
ENSG00000070729	0	NA	NA	NA	NA	NA
ENSG00000070761	0	NA	NA	NA	NA	NA
ENSG00000070770	0	NA	NA	NA	NA	NA
ENSG00000070915	0	NA	NA	NA	NA	NA
ENSG00000074071	0	NA	NA	NA	NA	NA
ENSG00000076344	0	NA	NA	NA	NA	NA
ENSG00000077235	0	NA	NA	NA	NA	NA
ENSG00000077238	0	NA	NA	NA	NA	NA
ENSG00000078328	0	NA	NA	NA	NA	NA
ENSG00000079616	0	NA	NA	NA	NA	NA
ENSG00000080603	0	NA	NA	NA	NA	NA
ENSG00000083093	0	NA	NA	NA	NA	NA
ENSG00000085721	0	NA	NA	NA	NA	NA
ENSG00000086504	0	NA	NA	NA	NA	NA
ENSG00000086506	0	NA	NA	NA	NA	NA
ENSG00000087237	0	NA	NA	NA	NA	NA
ENSG00000087245	0	NA	NA	NA	NA	NA
ENSG00000087250	0	NA	NA	NA	NA	NA
ENSG00000087258	0	NA	NA	NA	NA	NA
ENSG00000088682	0	NA	NA	NA	NA	NA
ENSG00000089486	0	NA	NA	NA	NA	NA
ENSG00000089505	0	NA	NA	NA	NA	NA
ENSG00000090565	0	NA	NA	NA	NA	NA
ENSG00000090857	0	NA	NA	NA	NA	NA
ENSG00000090861	0	NA	NA	NA	NA	NA
ENSG00000090905	0	NA	NA	NA	NA	NA
ENSG00000095917	0	NA	NA	NA	NA	NA
ENSG00000099364	0	NA	NA	NA	NA	NA
ENSG00000099377	0	NA	NA	NA	NA	NA
ENSG00000099381	0	NA	NA	NA	NA	NA
ENSG00000099385	0	NA	NA	NA	NA	NA
ENSG00000099769	0	NA	NA	NA	NA	NA
ENSG00000100726	0	NA	NA	NA	NA	NA
ENSG00000102854	0	NA	NA	NA	NA	NA
ENSG00000102870	0	NA	NA	NA	NA	NA
ENSG00000102871	0	NA	NA	NA	NA	NA
ENSG00000102878	0	NA	NA	NA	NA	NA
ENSG00000102879	0	NA	NA	NA	NA	NA
ENSG00000102882	0	NA	NA	NA	NA	NA
ENSG00000102886	0	NA	NA	NA	NA	NA
ENSG00000102890	0	NA	NA	NA	NA	NA
ENSG00000102891	0	NA	NA	NA	NA	NA
ENSG00000102898	0	NA	NA	NA	NA	NA
ENSG00000102900	0	NA	NA	NA	NA	NA
ENSG00000102901	0	NA	NA	NA	NA	NA
ENSG00000102904	0	NA	NA	NA	NA	NA
ENSG00000102921	0	NA	NA	NA	NA	NA
ENSG00000102924	0	NA	NA	NA	NA	NA
ENSG00000102931	0	NA	NA	NA	NA	NA
ENSG00000102934	0	NA	NA	NA	NA	NA
ENSG00000102935	0	NA	NA	NA	NA	NA
ENSG00000102970	0	NA	NA	NA	NA	NA
ENSG00000102974	0	NA	NA	NA	NA	NA
ENSG00000102977	0	NA	NA	NA	NA	NA
ENSG00000102981	0	NA	NA	NA	NA	NA
ENSG00000102984	0	NA	NA	NA	NA	NA
ENSG00000102996	0	NA	NA	NA	NA	NA
ENSG00000103005	0	NA	NA	NA	NA	NA
ENSG00000103023	0	NA	NA	NA	NA	NA
ENSG00000103024	0	NA	NA	NA	NA	NA
ENSG00000103035	0	NA	NA	NA	NA	NA
ENSG00000103037	0	NA	NA	NA	NA	NA
ENSG00000103043	0	NA	NA	NA	NA	NA
ENSG00000103044	0	NA	NA	NA	NA	NA
ENSG00000103061	0	NA	NA	NA	NA	NA
ENSG00000103064	0	NA	NA	NA	NA	NA
ENSG00000103089	0	NA	NA	NA	NA	NA
ENSG00000103091	0	NA	NA	NA	NA	NA
ENSG00000103126	0	NA	NA	NA	NA	NA
ENSG00000103145	0	NA	NA	NA	NA	NA
ENSG00000103152	0	NA	NA	NA	NA	NA
ENSG00000103184	0	NA	NA	NA	NA	NA
ENSG00000103202	0	NA	NA	NA	NA	NA
ENSG00000103226	0	NA	NA	NA	NA	NA
ENSG00000103227	0	NA	NA	NA	NA	NA
ENSG00000103249	0	NA	NA	NA	NA	NA
ENSG00000103253	0	NA	NA	NA	NA	NA
ENSG00000103254	0	NA	NA	NA	NA	NA
ENSG00000103260	0	NA	NA	NA	NA	NA
ENSG00000103266	0	NA	NA	NA	NA	NA
ENSG00000103269	0	NA	NA	NA	NA	NA
ENSG00000103274	0	NA	NA	NA	NA	NA
ENSG00000103310	0	NA	NA	NA	NA	NA
ENSG00000103316	0	NA	NA	NA	NA	NA
ENSG00000103326	0	NA	NA	NA	NA	NA
ENSG00000103343	0	NA	NA	NA	NA	NA
ENSG00000103355	0	NA	NA	NA	NA	NA
ENSG00000103356	0	NA	NA	NA	NA	NA
ENSG00000103363	0	NA	NA	NA	NA	NA
ENSG00000103375	0	NA	NA	NA	NA	NA
ENSG00000103426	0	NA	NA	NA	NA	NA
ENSG00000103449	0	NA	NA	NA	NA	NA
ENSG00000103460	0	NA	NA	NA	NA	NA
ENSG00000103489	0	NA	NA	NA	NA	NA
ENSG00000103490	0	NA	NA	NA	NA	NA
ENSG00000103495	0	NA	NA	NA	NA	NA
ENSG00000103496	0	NA	NA	NA	NA	NA
ENSG00000103502	0	NA	NA	NA	NA	NA
ENSG00000103507	0	NA	NA	NA	NA	NA
ENSG00000103510	0	NA	NA	NA	NA	NA
ENSG00000103512	0	NA	NA	NA	NA	NA
ENSG00000103522	0	NA	NA	NA	NA	NA
ENSG00000103534	0	NA	NA	NA	NA	NA
ENSG00000103540	0	NA	NA	NA	NA	NA
ENSG00000103546	0	NA	NA	NA	NA	NA
ENSG00000103549	0	NA	NA	NA	NA	NA
ENSG00000103550	0	NA	NA	NA	NA	NA
ENSG00000116176	0	NA	NA	NA	NA	NA
ENSG00000118557	0	NA	NA	NA	NA	NA
ENSG00000118894	0	NA	NA	NA	NA	NA
ENSG00000118898	0	NA	NA	NA	NA	NA
ENSG00000118900	0	NA	NA	NA	NA	NA
ENSG00000121270	0	NA	NA	NA	NA	NA
ENSG00000121274	0	NA	NA	NA	NA	NA
ENSG00000122254	0	NA	NA	NA	NA	NA
ENSG00000122257	0	NA	NA	NA	NA	NA
ENSG00000122299	0	NA	NA	NA	NA	NA
ENSG00000122304	0	NA	NA	NA	NA	NA
ENSG00000122386	0	NA	NA	NA	NA	NA
ENSG00000122390	0	NA	NA	NA	NA	NA
ENSG00000124074	0	NA	NA	NA	NA	NA
ENSG00000125122	0	NA	NA	NA	NA	NA
ENSG00000125144	0	NA	NA	NA	NA	NA
ENSG00000125148	0	NA	NA	NA	NA	NA
ENSG00000125170	0	NA	NA	NA	NA	NA
ENSG00000126603	0	NA	NA	NA	NA	NA
ENSG00000127554	0	NA	NA	NA	NA	NA
ENSG00000127561	0	NA	NA	NA	NA	NA
ENSG00000127564	0	NA	NA	NA	NA	NA
ENSG00000127578	0	NA	NA	NA	NA	NA
ENSG00000127580	0	NA	NA	NA	NA	NA
ENSG00000127585	0	NA	NA	NA	NA	NA
ENSG00000127586	0	NA	NA	NA	NA	NA
ENSG00000127588	0	NA	NA	NA	NA	NA
ENSG00000129636	0	NA	NA	NA	NA	NA
ENSG00000129925	0	NA	NA	NA	NA	NA
ENSG00000130182	0	NA	NA	NA	NA	NA
ENSG00000130656	0	NA	NA	NA	NA	NA
ENSG00000130731	0	NA	NA	NA	NA	NA
ENSG00000131634	0	NA	NA	NA	NA	NA
ENSG00000131650	0	NA	NA	NA	NA	NA
ENSG00000131652	0	NA	NA	NA	NA	NA
ENSG00000131653	0	NA	NA	NA	NA	NA
ENSG00000131797	0	NA	NA	NA	NA	NA
ENSG00000132207	0	NA	NA	NA	NA	NA
ENSG00000132612	0	NA	NA	NA	NA	NA
ENSG00000132613	0	NA	NA	NA	NA	NA
ENSG00000135702	0	NA	NA	NA	NA	NA
ENSG00000135723	0	NA	NA	NA	NA	NA
ENSG00000135736	0	NA	NA	NA	NA	NA
ENSG00000135740	0	NA	NA	NA	NA	NA
ENSG00000138834	0	NA	NA	NA	NA	NA
ENSG00000140632	0	NA	NA	NA	NA	NA
ENSG00000140675	0	NA	NA	NA	NA	NA
ENSG00000140682	0	NA	NA	NA	NA	NA
ENSG00000140688	0	NA	NA	NA	NA	NA
ENSG00000140691	0	NA	NA	NA	NA	NA
ENSG00000140694	0	NA	NA	NA	NA	NA
ENSG00000140718	0	NA	NA	NA	NA	NA
ENSG00000140743	0	NA	NA	NA	NA	NA
ENSG00000140795	0	NA	NA	NA	NA	NA
ENSG00000140798	0	NA	NA	NA	NA	NA
ENSG00000140807	0	NA	NA	NA	NA	NA
ENSG00000140829	0	NA	NA	NA	NA	NA
ENSG00000140835	0	NA	NA	NA	NA	NA
ENSG00000140836	0	NA	NA	NA	NA	NA
ENSG00000140839	0	NA	NA	NA	NA	NA
ENSG00000140848	0	NA	NA	NA	NA	NA
ENSG00000140854	0	NA	NA	NA	NA	NA
ENSG00000140873	0	NA	NA	NA	NA	NA
ENSG00000140876	0	NA	NA	NA	NA	NA
ENSG00000140931	0	NA	NA	NA	NA	NA
ENSG00000140932	0	NA	NA	NA	NA	NA
ENSG00000140937	0	NA	NA	NA	NA	NA
ENSG00000140983	0	NA	NA	NA	NA	NA
ENSG00000140987	0	NA	NA	NA	NA	NA
ENSG00000140988	0	NA	NA	NA	NA	NA
ENSG00000140990	0	NA	NA	NA	NA	NA
ENSG00000140992	0	NA	NA	NA	NA	NA
ENSG00000140993	0	NA	NA	NA	NA	NA
ENSG00000141013	0	NA	NA	NA	NA	NA
ENSG00000141076	0	NA	NA	NA	NA	NA
ENSG00000141084	0	NA	NA	NA	NA	NA
ENSG00000141086	0	NA	NA	NA	NA	NA
ENSG00000141096	0	NA	NA	NA	NA	NA
ENSG00000141101	0	NA	NA	NA	NA	NA
ENSG00000149922	0	NA	NA	NA	NA	NA
ENSG00000149929	0	NA	NA	NA	NA	NA
ENSG00000149930	0	NA	NA	NA	NA	NA
ENSG00000149932	0	NA	NA	NA	NA	NA
ENSG00000150281	0	NA	NA	NA	NA	NA
ENSG00000151006	0	NA	NA	NA	NA	NA
ENSG00000152910	0	NA	NA	NA	NA	NA
ENSG00000153060	0	NA	NA	NA	NA	NA
ENSG00000153406	0	NA	NA	NA	NA	NA
ENSG00000153443	0	NA	NA	NA	NA	NA
ENSG00000155592	0	NA	NA	NA	NA	NA
ENSG00000155666	0	NA	NA	NA	NA	NA
ENSG00000155714	0	NA	NA	NA	NA	NA
ENSG00000155719	0	NA	NA	NA	NA	NA
ENSG00000156853	0	NA	NA	NA	NA	NA
ENSG00000156858	0	NA	NA	NA	NA	NA
ENSG00000156860	0	NA	NA	NA	NA	NA
ENSG00000156885	0	NA	NA	NA	NA	NA
ENSG00000156886	0	NA	NA	NA	NA	NA
ENSG00000157315	0	NA	NA	NA	NA	NA
ENSG00000157335	0	NA	NA	NA	NA	NA
ENSG00000157349	0	NA	NA	NA	NA	NA
ENSG00000157368	0	NA	NA	NA	NA	NA
ENSG00000157423	0	NA	NA	NA	NA	NA
ENSG00000157429	0	NA	NA	NA	NA	NA
ENSG00000158865	0	NA	NA	NA	NA	NA
ENSG00000159387	0	NA	NA	NA	NA	NA
ENSG00000159398	0	NA	NA	NA	NA	NA
ENSG00000159579	0	NA	NA	NA	NA	NA
ENSG00000159618	0	NA	NA	NA	NA	NA
ENSG00000159625	0	NA	NA	NA	NA	NA
ENSG00000159713	0	NA	NA	NA	NA	NA
ENSG00000159714	0	NA	NA	NA	NA	NA
ENSG00000159723	0	NA	NA	NA	NA	NA
ENSG00000159753	0	NA	NA	NA	NA	NA
ENSG00000159761	0	NA	NA	NA	NA	NA
ENSG00000159792	0	NA	NA	NA	NA	NA
ENSG00000161981	0	NA	NA	NA	NA	NA
ENSG00000161992	0	NA	NA	NA	NA	NA
ENSG00000161999	0	NA	NA	NA	NA	NA
ENSG00000162004	0	NA	NA	NA	NA	NA
ENSG00000162006	0	NA	NA	NA	NA	NA
ENSG00000162009	0	NA	NA	NA	NA	NA
ENSG00000162032	0	NA	NA	NA	NA	NA
ENSG00000162039	0	NA	NA	NA	NA	NA
ENSG00000162040	0	NA	NA	NA	NA	NA
ENSG00000162062	0	NA	NA	NA	NA	NA
ENSG00000162066	0	NA	NA	NA	NA	NA
ENSG00000162068	0	NA	NA	NA	NA	NA
ENSG00000162069	0	NA	NA	NA	NA	NA
ENSG00000162073	0	NA	NA	NA	NA	NA
ENSG00000162076	0	NA	NA	NA	NA	NA
ENSG00000162078	0	NA	NA	NA	NA	NA
ENSG00000166152	0	NA	NA	NA	NA	NA
ENSG00000166164	0	NA	NA	NA	NA	NA
ENSG00000166188	0	NA	NA	NA	NA	NA
ENSG00000166246	0	NA	NA	NA	NA	NA
ENSG00000166501	0	NA	NA	NA	NA	NA
ENSG00000166509	0	NA	NA	NA	NA	NA
ENSG00000166546	0	NA	NA	NA	NA	NA
ENSG00000166548	0	NA	NA	NA	NA	NA
ENSG00000166558	0	NA	NA	NA	NA	NA
ENSG00000166589	0	NA	NA	NA	NA	NA
ENSG00000166592	0	NA	NA	NA	NA	NA
ENSG00000166595	0	NA	NA	NA	NA	NA
ENSG00000166669	0	NA	NA	NA	NA	NA
ENSG00000166743	0	NA	NA	NA	NA	NA
ENSG00000166780	0	NA	NA	NA	NA	NA
ENSG00000166783	0	NA	NA	NA	NA	NA
ENSG00000166816	0	NA	NA	NA	NA	NA
ENSG00000166828	0	NA	NA	NA	NA	NA
ENSG00000166847	0	NA	NA	NA	NA	NA
ENSG00000166848	0	NA	NA	NA	NA	NA
ENSG00000166851	0	NA	NA	NA	NA	NA
ENSG00000166869	0	NA	NA	NA	NA	NA
ENSG00000167186	0	NA	NA	NA	NA	NA
ENSG00000167191	0	NA	NA	NA	NA	NA
ENSG00000167194	0	NA	NA	NA	NA	NA
ENSG00000167207	0	NA	NA	NA	NA	NA
ENSG00000167261	0	NA	NA	NA	NA	NA
ENSG00000167264	0	NA	NA	NA	NA	NA
ENSG00000167371	0	NA	NA	NA	NA	NA
ENSG00000167377	0	NA	NA	NA	NA	NA
ENSG00000167394	0	NA	NA	NA	NA	NA
ENSG00000167395	0	NA	NA	NA	NA	NA
ENSG00000167397	0	NA	NA	NA	NA	NA
ENSG00000167945	0	NA	NA	NA	NA	NA
ENSG00000167962	0	NA	NA	NA	NA	NA
ENSG00000167964	0	NA	NA	NA	NA	NA
ENSG00000167965	0	NA	NA	NA	NA	NA
ENSG00000167967	0	NA	NA	NA	NA	NA
ENSG00000167968	0	NA	NA	NA	NA	NA
ENSG00000167969	0	NA	NA	NA	NA	NA
ENSG00000167970	0	NA	NA	NA	NA	NA
ENSG00000167971	0	NA	NA	NA	NA	NA
ENSG00000167972	0	NA	NA	NA	NA	NA
ENSG00000167977	0	NA	NA	NA	NA	NA
ENSG00000167978	0	NA	NA	NA	NA	NA
ENSG00000167981	0	NA	NA	NA	NA	NA
ENSG00000168101	0	NA	NA	NA	NA	NA
ENSG00000168124	0	NA	NA	NA	NA	NA
ENSG00000168140	0	NA	NA	NA	NA	NA
ENSG00000168158	0	NA	NA	NA	NA	NA
ENSG00000168286	0	NA	NA	NA	NA	NA
ENSG00000168411	0	NA	NA	NA	NA	NA
ENSG00000168418	0	NA	NA	NA	NA	NA
ENSG00000168447	0	NA	NA	NA	NA	NA
ENSG00000168488	0	NA	NA	NA	NA	NA
ENSG00000168701	0	NA	NA	NA	NA	NA
ENSG00000168748	0	NA	NA	NA	NA	NA
ENSG00000168802	0	NA	NA	NA	NA	NA
ENSG00000168925	0	NA	NA	NA	NA	NA
ENSG00000168928	0	NA	NA	NA	NA	NA
ENSG00000169180	0	NA	NA	NA	NA	NA
ENSG00000169189	0	NA	NA	NA	NA	NA
ENSG00000169203	0	NA	NA	NA	NA	NA
ENSG00000169217	0	NA	NA	NA	NA	NA
ENSG00000169246	0	NA	NA	NA	NA	NA
ENSG00000169340	0	NA	NA	NA	NA	NA
ENSG00000169344	0	NA	NA	NA	NA	NA
ENSG00000169592	0	NA	NA	NA	NA	NA
ENSG00000169627	0	NA	NA	NA	NA	NA
ENSG00000169688	0	NA	NA	NA	NA	NA
ENSG00000169715	0	NA	NA	NA	NA	NA
ENSG00000169877	0	NA	NA	NA	NA	NA
ENSG00000169896	0	NA	NA	NA	NA	NA
ENSG00000169900	0	NA	NA	NA	NA	NA
ENSG00000169951	0	NA	NA	NA	NA	NA
ENSG00000169957	0	NA	NA	NA	NA	NA
ENSG00000170540	0	NA	NA	NA	NA	NA
ENSG00000171241	0	NA	NA	NA	NA	NA
ENSG00000171490	0	NA	NA	NA	NA	NA
ENSG00000171724	0	NA	NA	NA	NA	NA
ENSG00000172137	0	NA	NA	NA	NA	NA
ENSG00000172236	0	NA	NA	NA	NA	NA
ENSG00000172366	0	NA	NA	NA	NA	NA
ENSG00000172460	0	NA	NA	NA	NA	NA
ENSG00000172824	0	NA	NA	NA	NA	NA
ENSG00000172828	0	NA	NA	NA	NA	NA
ENSG00000172831	0	NA	NA	NA	NA	NA
ENSG00000172840	0	NA	NA	NA	NA	NA
ENSG00000174109	0	NA	NA	NA	NA	NA
ENSG00000174628	0	NA	NA	NA	NA	NA
ENSG00000174938	0	NA	NA	NA	NA	NA
ENSG00000174939	0	NA	NA	NA	NA	NA
ENSG00000174943	0	NA	NA	NA	NA	NA
ENSG00000174990	0	NA	NA	NA	NA	NA
ENSG00000175267	0	NA	NA	NA	NA	NA
ENSG00000175643	0	NA	NA	NA	NA	NA
ENSG00000175646	0	NA	NA	NA	NA	NA
ENSG00000175938	0	NA	NA	NA	NA	NA
ENSG00000176046	0	NA	NA	NA	NA	NA
ENSG00000176387	0	NA	NA	NA	NA	NA
ENSG00000176476	0	NA	NA	NA	NA	NA
ENSG00000176842	0	NA	NA	NA	NA	NA
ENSG00000177238	0	NA	NA	NA	NA	NA
ENSG00000177455	0	NA	NA	NA	NA	NA
ENSG00000177508	0	NA	NA	NA	NA	NA
ENSG00000177946	0	NA	NA	NA	NA	NA
ENSG00000178226	0	NA	NA	NA	NA	NA
ENSG00000178257	0	NA	NA	NA	NA	NA
ENSG00000178279	0	NA	NA	NA	NA	NA
ENSG00000178573	0	NA	NA	NA	NA	NA
ENSG00000178952	0	NA	NA	NA	NA	NA
ENSG00000179044	0	NA	NA	NA	NA	NA
ENSG00000179580	0	NA	NA	NA	NA	NA
ENSG00000179755	0	NA	NA	NA	NA	NA
ENSG00000179776	0	NA	NA	NA	NA	NA
ENSG00000179918	0	NA	NA	NA	NA	NA
ENSG00000179958	0	NA	NA	NA	NA	NA
ENSG00000179965	0	NA	NA	NA	NA	NA
ENSG00000180035	0	NA	NA	NA	NA	NA
ENSG00000180209	0	NA	NA	NA	NA	NA
ENSG00000180269	0	NA	NA	NA	NA	NA
ENSG00000180663	0	NA	NA	NA	NA	NA
ENSG00000180747	0	NA	NA	NA	NA	NA
ENSG00000181019	0	NA	NA	NA	NA	NA
ENSG00000181625	0	NA	NA	NA	NA	NA
ENSG00000181791	0	NA	NA	NA	NA	NA
ENSG00000182108	0	NA	NA	NA	NA	NA
ENSG00000182601	0	NA	NA	NA	NA	NA
ENSG00000182810	0	NA	NA	NA	NA	NA
ENSG00000182885	0	NA	NA	NA	NA	NA
ENSG00000183044	0	NA	NA	NA	NA	NA
ENSG00000183196	0	NA	NA	NA	NA	NA
ENSG00000183336	0	NA	NA	NA	NA	NA
ENSG00000183454	0	NA	NA	NA	NA	NA
ENSG00000183458	0	NA	NA	NA	NA	NA
ENSG00000183549	0	NA	NA	NA	NA	NA
ENSG00000183604	0	NA	NA	NA	NA	NA
ENSG00000183632	0	NA	NA	NA	NA	NA
ENSG00000183723	0	NA	NA	NA	NA	NA
ENSG00000183747	0	NA	NA	NA	NA	NA
ENSG00000183751	0	NA	NA	NA	NA	NA
ENSG00000183793	0	NA	NA	NA	NA	NA
ENSG00000183889	0	NA	NA	NA	NA	NA
ENSG00000183921	0	NA	NA	NA	NA	NA
ENSG00000183971	0	NA	NA	NA	NA	NA
ENSG00000184207	0	NA	NA	NA	NA	NA
ENSG00000184471	0	NA	NA	NA	NA	NA
ENSG00000184517	0	NA	NA	NA	NA	NA
ENSG00000184602	0	NA	NA	NA	NA	NA
ENSG00000184697	0	NA	NA	NA	NA	NA
ENSG00000184730	0	NA	NA	NA	NA	NA
ENSG00000184857	0	NA	NA	NA	NA	NA
ENSG00000184939	0	NA	NA	NA	NA	NA
ENSG00000185164	0	NA	NA	NA	NA	NA
ENSG00000185338	0	NA	NA	NA	NA	NA
ENSG00000185615	0	NA	NA	NA	NA	NA
ENSG00000185710	0	NA	NA	NA	NA	NA
ENSG00000185716	0	NA	NA	NA	NA	NA
ENSG00000185739	0	NA	NA	NA	NA	NA
ENSG00000185883	0	NA	NA	NA	NA	NA
ENSG00000185905	0	NA	NA	NA	NA	NA
ENSG00000185928	0	NA	NA	NA	NA	NA
ENSG00000185947	0	NA	NA	NA	NA	NA
ENSG00000187185	0	NA	NA	NA	NA	NA
ENSG00000187193	0	NA	NA	NA	NA	NA
ENSG00000187535	0	NA	NA	NA	NA	NA
ENSG00000187555	0	NA	NA	NA	NA	NA
ENSG00000188038	0	NA	NA	NA	NA	NA
ENSG00000188215	0	NA	NA	NA	NA	NA
ENSG00000188322	0	NA	NA	NA	NA	NA
ENSG00000188536	0	NA	NA	NA	NA	NA
ENSG00000188599	0	NA	NA	NA	NA	NA
ENSG00000189067	0	NA	NA	NA	NA	NA
ENSG00000196118	0	NA	NA	NA	NA	NA
ENSG00000196123	0	NA	NA	NA	NA	NA
ENSG00000196155	0	NA	NA	NA	NA	NA
ENSG00000196296	0	NA	NA	NA	NA	NA
ENSG00000196436	0	NA	NA	NA	NA	NA
ENSG00000196557	0	NA	NA	NA	NA	NA
ENSG00000196674	0	NA	NA	NA	NA	NA
ENSG00000196678	0	NA	NA	NA	NA	NA
ENSG00000196796	0	NA	NA	NA	NA	NA
ENSG00000196993	0	NA	NA	NA	NA	NA
ENSG00000197006	0	NA	NA	NA	NA	NA
ENSG00000197165	0	NA	NA	NA	NA	NA
ENSG00000197272	0	NA	NA	NA	NA	NA
ENSG00000197445	0	NA	NA	NA	NA	NA
ENSG00000197476	0	NA	NA	NA	NA	NA
ENSG00000197562	0	NA	NA	NA	NA	NA
ENSG00000197599	0	NA	NA	NA	NA	NA
ENSG00000197727	0	NA	NA	NA	NA	NA
ENSG00000197774	0	NA	NA	NA	NA	NA
ENSG00000198064	0	NA	NA	NA	NA	NA
ENSG00000198156	0	NA	NA	NA	NA	NA
ENSG00000198388	0	NA	NA	NA	NA	NA
ENSG00000198417	0	NA	NA	NA	NA	NA
ENSG00000198555	0	NA	NA	NA	NA	NA
ENSG00000198650	0	NA	NA	NA	NA	NA
ENSG00000198736	0	NA	NA	NA	NA	NA
ENSG00000198848	0	NA	NA	NA	NA	NA
ENSG00000203343	0	NA	NA	NA	NA	NA
ENSG00000203581	0	NA	NA	NA	NA	NA
ENSG00000205018	0	NA	NA	NA	NA	NA
ENSG00000205022	0	NA	NA	NA	NA	NA
ENSG00000205078	0	NA	NA	NA	NA	NA
ENSG00000205084	0	NA	NA	NA	NA	NA
ENSG00000205220	0	NA	NA	NA	NA	NA
ENSG00000205250	0	NA	NA	NA	NA	NA
ENSG00000205358	0	NA	NA	NA	NA	NA
ENSG00000205360	0	NA	NA	NA	NA	NA
ENSG00000205361	0	NA	NA	NA	NA	NA
ENSG00000205362	0	NA	NA	NA	NA	NA
ENSG00000205364	0	NA	NA	NA	NA	NA
ENSG00000205456	0	NA	NA	NA	NA	NA
ENSG00000205457	0	NA	NA	NA	NA	NA
ENSG00000205534	0	NA	NA	NA	NA	NA
ENSG00000205609	0	NA	NA	NA	NA	NA
ENSG00000205629	0	NA	NA	NA	NA	NA
ENSG00000205746	0	NA	NA	NA	NA	NA
ENSG00000205832	0	NA	NA	NA	NA	NA
ENSG00000205918	0	NA	NA	NA	NA	NA
ENSG00000205923	0	NA	NA	NA	NA	NA
ENSG00000206168	0	NA	NA	NA	NA	NA
ENSG00000206172	0	NA	NA	NA	NA	NA
ENSG00000206177	0	NA	NA	NA	NA	NA
ENSG00000206178	0	NA	NA	NA	NA	NA
ENSG00000213318	0	NA	NA	NA	NA	NA
ENSG00000213398	0	NA	NA	NA	NA	NA
ENSG00000213547	0	NA	NA	NA	NA	NA
ENSG00000213937	0	NA	NA	NA	NA	NA
ENSG00000214259	0	NA	NA	NA	NA	NA
ENSG00000214325	0	NA	NA	NA	NA	NA
ENSG00000214331	0	NA	NA	NA	NA	NA
ENSG00000214581	0	NA	NA	NA	NA	NA
ENSG00000214617	0	NA	NA	NA	NA	NA
ENSG00000214940	0	NA	NA	NA	NA	NA
ENSG00000214967	0	NA	NA	NA	NA	NA
ENSG00000215003	0	NA	NA	NA	NA	NA
ENSG00000215131	0	NA	NA	NA	NA	NA
ENSG00000215148	0	NA	NA	NA	NA	NA
ENSG00000215154	0	NA	NA	NA	NA	NA
ENSG00000216671	0	NA	NA	NA	NA	NA
ENSG00000217555	0	NA	NA	NA	NA	NA
ENSG00000217930	0	NA	NA	NA	NA	NA
ENSG00000219027	0	NA	NA	NA	NA	NA
ENSG00000219274	0	NA	NA	NA	NA	NA
ENSG00000220793	0	NA	NA	NA	NA	NA
ENSG00000221819	0	NA	NA	NA	NA	NA
ENSG00000222019	0	NA	NA	NA	NA	NA
ENSG00000223931	0	NA	NA	NA	NA	NA
ENSG00000224470	0	NA	NA	NA	NA	NA
ENSG00000224578	0	NA	NA	NA	NA	NA
ENSG00000224631	0	NA	NA	NA	NA	NA
ENSG00000224712	0	NA	NA	NA	NA	NA
ENSG00000225178	0	NA	NA	NA	NA	NA
ENSG00000225323	0	NA	NA	NA	NA	NA
ENSG00000226232	0	NA	NA	NA	NA	NA
ENSG00000226348	0	NA	NA	NA	NA	NA
ENSG00000226942	0	NA	NA	NA	NA	NA
ENSG00000227624	0	NA	NA	NA	NA	NA
ENSG00000227827	0	NA	NA	NA	NA	NA
ENSG00000228071	0	NA	NA	NA	NA	NA
ENSG00000228480	0	NA	NA	NA	NA	NA
ENSG00000228695	0	NA	NA	NA	NA	NA
ENSG00000229809	0	NA	NA	NA	NA	NA
ENSG00000229917	0	NA	NA	NA	NA	NA
ENSG00000230267	0	NA	NA	NA	NA	NA
ENSG00000230330	0	NA	NA	NA	NA	NA
ENSG00000230428	0	NA	NA	NA	NA	NA
ENSG00000230447	0	NA	NA	NA	NA	NA
ENSG00000230872	0	NA	NA	NA	NA	NA
ENSG00000232258	0	NA	NA	NA	NA	NA
ENSG00000232748	0	NA	NA	NA	NA	NA
ENSG00000233024	0	NA	NA	NA	NA	NA
ENSG00000233232	0	NA	NA	NA	NA	NA
ENSG00000233614	0	NA	NA	NA	NA	NA
ENSG00000233732	0	NA	NA	NA	NA	NA
ENSG00000234337	0	NA	NA	NA	NA	NA
ENSG00000234719	0	NA	NA	NA	NA	NA
ENSG00000234769	0	NA	NA	NA	NA	NA
ENSG00000236829	0	NA	NA	NA	NA	NA
ENSG00000237102	0	NA	NA	NA	NA	NA
ENSG00000237140	0	NA	NA	NA	NA	NA
ENSG00000237172	0	NA	NA	NA	NA	NA
ENSG00000237185	0	NA	NA	NA	NA	NA
ENSG00000237296	0	NA	NA	NA	NA	NA
ENSG00000237901	0	NA	NA	NA	NA	NA
ENSG00000238098	0	NA	NA	NA	NA	NA
ENSG00000239763	0	NA	NA	NA	NA	NA
ENSG00000239840	0	NA	NA	NA	NA	NA
ENSG00000240043	0	NA	NA	NA	NA	NA
ENSG00000240311	0	NA	NA	NA	NA	NA
ENSG00000240338	0	NA	NA	NA	NA	NA
ENSG00000240419	0	NA	NA	NA	NA	NA
ENSG00000240435	0	NA	NA	NA	NA	NA
ENSG00000240760	0	NA	NA	NA	NA	NA
ENSG00000240793	0	NA	NA	NA	NA	NA
ENSG00000240861	0	NA	NA	NA	NA	NA
ENSG00000241067	0	NA	NA	NA	NA	NA
ENSG00000241183	0	NA	NA	NA	NA	NA
ENSG00000241334	0	NA	NA	NA	NA	NA
ENSG00000241641	0	NA	NA	NA	NA	NA
ENSG00000241808	0	NA	NA	NA	NA	NA
ENSG00000241932	0	NA	NA	NA	NA	NA
ENSG00000242173	0	NA	NA	NA	NA	NA
ENSG00000242176	0	NA	NA	NA	NA	NA
ENSG00000242278	0	NA	NA	NA	NA	NA
ENSG00000242307	0	NA	NA	NA	NA	NA
ENSG00000242423	0	NA	NA	NA	NA	NA
ENSG00000243101	0	NA	NA	NA	NA	NA
ENSG00000243445	0	NA	NA	NA	NA	NA
ENSG00000243609	0	NA	NA	NA	NA	NA
ENSG00000243705	0	NA	NA	NA	NA	NA
ENSG00000243716	0	NA	NA	NA	NA	NA
ENSG00000243988	0	NA	NA	NA	NA	NA
ENSG00000244043	0	NA	NA	NA	NA	NA
ENSG00000244257	0	NA	NA	NA	NA	NA
ENSG00000244485	0	NA	NA	NA	NA	NA
ENSG00000244551	0	NA	NA	NA	NA	NA
ENSG00000245888	0	NA	NA	NA	NA	NA
ENSG00000247270	0	NA	NA	NA	NA	NA
ENSG00000250251	0	NA	NA	NA	NA	NA
ENSG00000250982	0	NA	NA	NA	NA	NA
ENSG00000251692	0	NA	NA	NA	NA	NA
ENSG00000254206	0	NA	NA	NA	NA	NA
ENSG00000254609	0	NA	NA	NA	NA	NA
ENSG00000254634	0	NA	NA	NA	NA	NA
ENSG00000254681	0	NA	NA	NA	NA	NA
ENSG00000254788	0	NA	NA	NA	NA	NA
ENSG00000254852	0	NA	NA	NA	NA	NA
ENSG00000255037	0	NA	NA	NA	NA	NA
ENSG00000255277	0	NA	NA	NA	NA	NA
ENSG00000255439	0	NA	NA	NA	NA	NA
ENSG00000255513	0	NA	NA	NA	NA	NA
ENSG00000255524	0	NA	NA	NA	NA	NA
ENSG00000255986	0	NA	NA	NA	NA	NA
ENSG00000256323	0	NA	NA	NA	NA	NA
ENSG00000256340	0	NA	NA	NA	NA	NA
ENSG00000256439	0	NA	NA	NA	NA	NA
ENSG00000256579	0	NA	NA	NA	NA	NA
ENSG00000256599	0	NA	NA	NA	NA	NA
ENSG00000256812	0	NA	NA	NA	NA	NA
ENSG00000257017	0	NA	NA	NA	NA	NA
ENSG00000257026	0	NA	NA	NA	NA	NA
ENSG00000257108	0	NA	NA	NA	NA	NA
ENSG00000257122	0	NA	NA	NA	NA	NA
ENSG00000257403	0	NA	NA	NA	NA	NA
ENSG00000257408	0	NA	NA	NA	NA	NA
ENSG00000257506	0	NA	NA	NA	NA	NA
ENSG00000257639	0	NA	NA	NA	NA	NA
ENSG00000257691	0	NA	NA	NA	NA	NA
ENSG00000257838	0	NA	NA	NA	NA	NA
ENSG00000258150	0	NA	NA	NA	NA	NA
ENSG00000258186	0	NA	NA	NA	NA	NA
ENSG00000258429	0	NA	NA	NA	NA	NA
ENSG00000259303	0	NA	NA	NA	NA	NA
ENSG00000259517	0	NA	NA	NA	NA	NA
ENSG00000259680	0	NA	NA	NA	NA	NA
ENSG00000259784	0	NA	NA	NA	NA	NA
ENSG00000259800	0	NA	NA	NA	NA	NA
ENSG00000259822	0	NA	NA	NA	NA	NA
ENSG00000259836	0	NA	NA	NA	NA	NA
ENSG00000259842	0	NA	NA	NA	NA	NA
ENSG00000259844	0	NA	NA	NA	NA	NA
ENSG00000259852	0	NA	NA	NA	NA	NA
ENSG00000259856	0	NA	NA	NA	NA	NA
ENSG00000259864	0	NA	NA	NA	NA	NA
ENSG00000259866	0	NA	NA	NA	NA	NA
ENSG00000259873	0	NA	NA	NA	NA	NA
ENSG00000259874	0	NA	NA	NA	NA	NA
ENSG00000259882	0	NA	NA	NA	NA	NA
ENSG00000259897	0	NA	NA	NA	NA	NA
ENSG00000259900	0	NA	NA	NA	NA	NA
ENSG00000259918	0	NA	NA	NA	NA	NA
ENSG00000259922	0	NA	NA	NA	NA	NA
ENSG00000259934	0	NA	NA	NA	NA	NA
ENSG00000259950	0	NA	NA	NA	NA	NA
ENSG00000259962	0	NA	NA	NA	NA	NA
ENSG00000259963	0	NA	NA	NA	NA	NA
ENSG00000259966	0	NA	NA	NA	NA	NA
ENSG00000259978	0	NA	NA	NA	NA	NA
ENSG00000259979	0	NA	NA	NA	NA	NA
ENSG00000259982	0	NA	NA	NA	NA	NA
ENSG00000259983	0	NA	NA	NA	NA	NA
ENSG00000259987	0	NA	NA	NA	NA	NA
ENSG00000259990	0	NA	NA	NA	NA	NA
ENSG00000259996	0	NA	NA	NA	NA	NA
ENSG00000259997	0	NA	NA	NA	NA	NA
ENSG00000260010	0	NA	NA	NA	NA	NA
ENSG00000260012	0	NA	NA	NA	NA	NA
ENSG00000260013	0	NA	NA	NA	NA	NA
ENSG00000260014	0	NA	NA	NA	NA	NA
ENSG00000260024	0	NA	NA	NA	NA	NA
ENSG00000260031	0	NA	NA	NA	NA	NA
ENSG00000260033	0	NA	NA	NA	NA	NA
ENSG00000260047	0	NA	NA	NA	NA	NA
ENSG00000260048	0	NA	NA	NA	NA	NA
ENSG00000260067	0	NA	NA	NA	NA	NA
ENSG00000260068	0	NA	NA	NA	NA	NA
ENSG00000260082	0	NA	NA	NA	NA	NA
ENSG00000260087	0	NA	NA	NA	NA	NA
ENSG00000260089	0	NA	NA	NA	NA	NA
ENSG00000260092	0	NA	NA	NA	NA	NA
ENSG00000260113	0	NA	NA	NA	NA	NA
ENSG00000260133	0	NA	NA	NA	NA	NA
ENSG00000260134	0	NA	NA	NA	NA	NA
ENSG00000260146	0	NA	NA	NA	NA	NA
ENSG00000260147	0	NA	NA	NA	NA	NA
ENSG00000260153	0	NA	NA	NA	NA	NA
ENSG00000260161	0	NA	NA	NA	NA	NA
ENSG00000260184	0	NA	NA	NA	NA	NA
ENSG00000260187	0	NA	NA	NA	NA	NA
ENSG00000260207	0	NA	NA	NA	NA	NA
ENSG00000260218	0	NA	NA	NA	NA	NA
ENSG00000260224	0	NA	NA	NA	NA	NA
ENSG00000260229	0	NA	NA	NA	NA	NA
ENSG00000260240	0	NA	NA	NA	NA	NA
ENSG00000260247	0	NA	NA	NA	NA	NA
ENSG00000260251	0	NA	NA	NA	NA	NA
ENSG00000260255	0	NA	NA	NA	NA	NA
ENSG00000260258	0	NA	NA	NA	NA	NA
ENSG00000260272	0	NA	NA	NA	NA	NA
ENSG00000260284	0	NA	NA	NA	NA	NA
ENSG00000260290	0	NA	NA	NA	NA	NA
ENSG00000260291	0	NA	NA	NA	NA	NA
ENSG00000260298	0	NA	NA	NA	NA	NA
ENSG00000260307	0	NA	NA	NA	NA	NA
ENSG00000260308	0	NA	NA	NA	NA	NA
ENSG00000260318	0	NA	NA	NA	NA	NA
ENSG00000260326	0	NA	NA	NA	NA	NA
ENSG00000260327	0	NA	NA	NA	NA	NA
ENSG00000260332	0	NA	NA	NA	NA	NA
ENSG00000260335	0	NA	NA	NA	NA	NA
ENSG00000260341	0	NA	NA	NA	NA	NA
ENSG00000260342	0	NA	NA	NA	NA	NA
ENSG00000260344	0	NA	NA	NA	NA	NA
ENSG00000260347	0	NA	NA	NA	NA	NA
ENSG00000260362	0	NA	NA	NA	NA	NA
ENSG00000260371	0	NA	NA	NA	NA	NA
ENSG00000260379	0	NA	NA	NA	NA	NA
ENSG00000260395	0	NA	NA	NA	NA	NA
ENSG00000260405	0	NA	NA	NA	NA	NA
ENSG00000260410	0	NA	NA	NA	NA	NA
ENSG00000260414	0	NA	NA	NA	NA	NA
ENSG00000260427	0	NA	NA	NA	NA	NA
ENSG00000260431	0	NA	NA	NA	NA	NA
ENSG00000260438	0	NA	NA	NA	NA	NA
ENSG00000260443	0	NA	NA	NA	NA	NA
ENSG00000260449	0	NA	NA	NA	NA	NA
ENSG00000260451	0	NA	NA	NA	NA	NA
ENSG00000260452	0	NA	NA	NA	NA	NA
ENSG00000260459	0	NA	NA	NA	NA	NA
ENSG00000260471	0	NA	NA	NA	NA	NA
ENSG00000260472	0	NA	NA	NA	NA	NA
ENSG00000260480	0	NA	NA	NA	NA	NA
ENSG00000260494	0	NA	NA	NA	NA	NA
ENSG00000260497	0	NA	NA	NA	NA	NA
ENSG00000260514	0	NA	NA	NA	NA	NA
ENSG00000260516	0	NA	NA	NA	NA	NA
ENSG00000260518	0	NA	NA	NA	NA	NA
ENSG00000260522	0	NA	NA	NA	NA	NA
ENSG00000260525	0	NA	NA	NA	NA	NA
ENSG00000260537	0	NA	NA	NA	NA	NA
ENSG00000260540	0	NA	NA	NA	NA	NA
ENSG00000260549	0	NA	NA	NA	NA	NA
ENSG00000260584	0	NA	NA	NA	NA	NA
ENSG00000260590	0	NA	NA	NA	NA	NA
ENSG00000260598	0	NA	NA	NA	NA	NA
ENSG00000260610	0	NA	NA	NA	NA	NA
ENSG00000260628	0	NA	NA	NA	NA	NA
ENSG00000260631	0	NA	NA	NA	NA	NA
ENSG00000260649	0	NA	NA	NA	NA	NA
ENSG00000260662	0	NA	NA	NA	NA	NA
ENSG00000260668	0	NA	NA	NA	NA	NA
ENSG00000260675	0	NA	NA	NA	NA	NA
ENSG00000260678	0	NA	NA	NA	NA	NA
ENSG00000260680	0	NA	NA	NA	NA	NA
ENSG00000260688	0	NA	NA	NA	NA	NA
ENSG00000260690	0	NA	NA	NA	NA	NA
ENSG00000260702	0	NA	NA	NA	NA	NA
ENSG00000260714	0	NA	NA	NA	NA	NA
ENSG00000260722	0	NA	NA	NA	NA	NA
ENSG00000260724	0	NA	NA	NA	NA	NA
ENSG00000260726	0	NA	NA	NA	NA	NA
ENSG00000260727	0	NA	NA	NA	NA	NA
ENSG00000260731	0	NA	NA	NA	NA	NA
ENSG00000260734	0	NA	NA	NA	NA	NA
ENSG00000260746	0	NA	NA	NA	NA	NA
ENSG00000260762	0	NA	NA	NA	NA	NA
ENSG00000260764	0	NA	NA	NA	NA	NA
ENSG00000260765	0	NA	NA	NA	NA	NA
ENSG00000260781	0	NA	NA	NA	NA	NA
ENSG00000260782	0	NA	NA	NA	NA	NA
ENSG00000260795	0	NA	NA	NA	NA	NA
ENSG00000260797	0	NA	NA	NA	NA	NA
ENSG00000260809	0	NA	NA	NA	NA	NA
ENSG00000260812	0	NA	NA	NA	NA	NA
ENSG00000260817	0	NA	NA	NA	NA	NA
ENSG00000260828	0	NA	NA	NA	NA	NA
ENSG00000260846	0	NA	NA	NA	NA	NA
ENSG00000260851	0	NA	NA	NA	NA	NA
ENSG00000260860	0	NA	NA	NA	NA	NA
ENSG00000260864	0	NA	NA	NA	NA	NA
ENSG00000260865	0	NA	NA	NA	NA	NA
ENSG00000260866	0	NA	NA	NA	NA	NA
ENSG00000260869	0	NA	NA	NA	NA	NA
ENSG00000260882	0	NA	NA	NA	NA	NA
ENSG00000260883	0	NA	NA	NA	NA	NA
ENSG00000260889	0	NA	NA	NA	NA	NA
ENSG00000260900	0	NA	NA	NA	NA	NA
ENSG00000260909	0	NA	NA	NA	NA	NA
ENSG00000260914	0	NA	NA	NA	NA	NA
ENSG00000260933	0	NA	NA	NA	NA	NA
ENSG00000260939	0	NA	NA	NA	NA	NA
ENSG00000260965	0	NA	NA	NA	NA	NA
ENSG00000260967	0	NA	NA	NA	NA	NA
ENSG00000260984	0	NA	NA	NA	NA	NA
ENSG00000260991	0	NA	NA	NA	NA	NA
ENSG00000260994	0	NA	NA	NA	NA	NA
ENSG00000261007	0	NA	NA	NA	NA	NA
ENSG00000261010	0	NA	NA	NA	NA	NA
ENSG00000261017	0	NA	NA	NA	NA	NA
ENSG00000261046	0	NA	NA	NA	NA	NA
ENSG00000261047	0	NA	NA	NA	NA	NA
ENSG00000261053	0	NA	NA	NA	NA	NA
ENSG00000261056	0	NA	NA	NA	NA	NA
ENSG00000261084	0	NA	NA	NA	NA	NA
ENSG00000261089	0	NA	NA	NA	NA	NA
ENSG00000261108	0	NA	NA	NA	NA	NA
ENSG00000261111	0	NA	NA	NA	NA	NA
ENSG00000261127	0	NA	NA	NA	NA	NA
ENSG00000261130	0	NA	NA	NA	NA	NA
ENSG00000261144	0	NA	NA	NA	NA	NA
ENSG00000261145	0	NA	NA	NA	NA	NA
ENSG00000261151	0	NA	NA	NA	NA	NA
ENSG00000261153	0	NA	NA	NA	NA	NA
ENSG00000261178	0	NA	NA	NA	NA	NA
ENSG00000261181	0	NA	NA	NA	NA	NA
ENSG00000261190	0	NA	NA	NA	NA	NA
ENSG00000261197	0	NA	NA	NA	NA	NA
ENSG00000261199	0	NA	NA	NA	NA	NA
ENSG00000261203	0	NA	NA	NA	NA	NA
ENSG00000261210	0	NA	NA	NA	NA	NA
ENSG00000261217	0	NA	NA	NA	NA	NA
ENSG00000261233	0	NA	NA	NA	NA	NA
ENSG00000261234	0	NA	NA	NA	NA	NA
ENSG00000261239	0	NA	NA	NA	NA	NA
ENSG00000261245	0	NA	NA	NA	NA	NA
ENSG00000261259	0	NA	NA	NA	NA	NA
ENSG00000261263	0	NA	NA	NA	NA	NA
ENSG00000261274	0	NA	NA	NA	NA	NA
ENSG00000261278	0	NA	NA	NA	NA	NA
ENSG00000261282	0	NA	NA	NA	NA	NA
ENSG00000261284	0	NA	NA	NA	NA	NA
ENSG00000261289	0	NA	NA	NA	NA	NA
ENSG00000261299	0	NA	NA	NA	NA	NA
ENSG00000261330	0	NA	NA	NA	NA	NA
ENSG00000261331	0	NA	NA	NA	NA	NA
ENSG00000261336	0	NA	NA	NA	NA	NA
ENSG00000261356	0	NA	NA	NA	NA	NA
ENSG00000261359	0	NA	NA	NA	NA	NA
ENSG00000261362	0	NA	NA	NA	NA	NA
ENSG00000261391	0	NA	NA	NA	NA	NA
ENSG00000261395	0	NA	NA	NA	NA	NA
ENSG00000261405	0	NA	NA	NA	NA	NA
ENSG00000261419	0	NA	NA	NA	NA	NA
ENSG00000261424	0	NA	NA	NA	NA	NA
ENSG00000261429	0	NA	NA	NA	NA	NA
ENSG00000261440	0	NA	NA	NA	NA	NA
ENSG00000261444	0	NA	NA	NA	NA	NA
ENSG00000261457	0	NA	NA	NA	NA	NA
ENSG00000261458	0	NA	NA	NA	NA	NA
ENSG00000261459	0	NA	NA	NA	NA	NA
ENSG00000261461	0	NA	NA	NA	NA	NA
ENSG00000261486	0	NA	NA	NA	NA	NA
ENSG00000261509	0	NA	NA	NA	NA	NA
ENSG00000261510	0	NA	NA	NA	NA	NA
ENSG00000261515	0	NA	NA	NA	NA	NA
ENSG00000261527	0	NA	NA	NA	NA	NA
ENSG00000261528	0	NA	NA	NA	NA	NA
ENSG00000261536	0	NA	NA	NA	NA	NA
ENSG00000261557	0	NA	NA	NA	NA	NA
ENSG00000261564	0	NA	NA	NA	NA	NA
ENSG00000261580	0	NA	NA	NA	NA	NA
ENSG00000261588	0	NA	NA	NA	NA	NA
ENSG00000261590	0	NA	NA	NA	NA	NA
ENSG00000261607	0	NA	NA	NA	NA	NA
ENSG00000261608	0	NA	NA	NA	NA	NA
ENSG00000261611	0	NA	NA	NA	NA	NA
ENSG00000261612	0	NA	NA	NA	NA	NA
ENSG00000261614	0	NA	NA	NA	NA	NA
ENSG00000261620	0	NA	NA	NA	NA	NA
ENSG00000261647	0	NA	NA	NA	NA	NA
ENSG00000261680	0	NA	NA	NA	NA	NA
ENSG00000261689	0	NA	NA	NA	NA	NA
ENSG00000261701	0	NA	NA	NA	NA	NA
ENSG00000261704	0	NA	NA	NA	NA	NA
ENSG00000261711	0	NA	NA	NA	NA	NA
ENSG00000261717	0	NA	NA	NA	NA	NA
ENSG00000261719	0	NA	NA	NA	NA	NA
ENSG00000261725	0	NA	NA	NA	NA	NA
ENSG00000261727	0	NA	NA	NA	NA	NA
ENSG00000261733	0	NA	NA	NA	NA	NA
ENSG00000261740	0	NA	NA	NA	NA	NA
ENSG00000261741	0	NA	NA	NA	NA	NA
ENSG00000261748	0	NA	NA	NA	NA	NA
ENSG00000261752	0	NA	NA	NA	NA	NA
ENSG00000261764	0	NA	NA	NA	NA	NA
ENSG00000261774	0	NA	NA	NA	NA	NA
ENSG00000261776	0	NA	NA	NA	NA	NA
ENSG00000261782	0	NA	NA	NA	NA	NA
ENSG00000261812	0	NA	NA	NA	NA	NA
ENSG00000261819	0	NA	NA	NA	NA	NA
ENSG00000261832	0	NA	NA	NA	NA	NA
ENSG00000261833	0	NA	NA	NA	NA	NA
ENSG00000261834	0	NA	NA	NA	NA	NA
ENSG00000261835	0	NA	NA	NA	NA	NA
ENSG00000261836	0	NA	NA	NA	NA	NA
ENSG00000261904	0	NA	NA	NA	NA	NA
ENSG00000261939	0	NA	NA	NA	NA	NA
ENSG00000262008	0	NA	NA	NA	NA	NA
ENSG00000262090	0	NA	NA	NA	NA	NA
ENSG00000262107	0	NA	NA	NA	NA	NA
ENSG00000262118	0	NA	NA	NA	NA	NA
ENSG00000262120	0	NA	NA	NA	NA	NA
ENSG00000262140	0	NA	NA	NA	NA	NA
ENSG00000262141	0	NA	NA	NA	NA	NA
ENSG00000262154	0	NA	NA	NA	NA	NA
ENSG00000262158	0	NA	NA	NA	NA	NA
ENSG00000262187	0	NA	NA	NA	NA	NA
ENSG00000262235	0	NA	NA	NA	NA	NA
ENSG00000262259	0	NA	NA	NA	NA	NA
ENSG00000262316	0	NA	NA	NA	NA	NA
ENSG00000262322	0	NA	NA	NA	NA	NA
ENSG00000262366	0	NA	NA	NA	NA	NA
ENSG00000262381	0	NA	NA	NA	NA	NA
ENSG00000262470	0	NA	NA	NA	NA	NA
ENSG00000262471	0	NA	NA	NA	NA	NA
ENSG00000262488	0	NA	NA	NA	NA	NA
ENSG00000262516	0	NA	NA	NA	NA	NA
ENSG00000262554	0	NA	NA	NA	NA	NA
ENSG00000262561	0	NA	NA	NA	NA	NA
ENSG00000262583	0	NA	NA	NA	NA	NA
ENSG00000262587	0	NA	NA	NA	NA	NA
ENSG00000262621	0	NA	NA	NA	NA	NA
ENSG00000262636	0	NA	NA	NA	NA	NA
ENSG00000262700	0	NA	NA	NA	NA	NA
ENSG00000262885	0	NA	NA	NA	NA	NA
ENSG00000262904	0	NA	NA	NA	NA	NA
ENSG00000262959	0	NA	NA	NA	NA	NA
ENSG00000262962	0	NA	NA	NA	NA	NA
ENSG00000262974	0	NA	NA	NA	NA	NA
ENSG00000263029	0	NA	NA	NA	NA	NA
ENSG00000263136	0	NA	NA	NA	NA	NA
ENSG00000263177	0	NA	NA	NA	NA	NA
ENSG00000263179	0	NA	NA	NA	NA	NA
ENSG00000263196	0	NA	NA	NA	NA	NA
ENSG00000263203	0	NA	NA	NA	NA	NA
ENSG00000263204	0	NA	NA	NA	NA	NA
ENSG00000263232	0	NA	NA	NA	NA	NA
ENSG00000263241	0	NA	NA	NA	NA	NA
ENSG00000263277	0	NA	NA	NA	NA	NA
ENSG00000263311	0	NA	NA	NA	NA	NA
ENSG00000263326	0	NA	NA	NA	NA	NA
ENSG00000263337	0	NA	NA	NA	NA	NA
ENSG00000263343	0	NA	NA	NA	NA	NA
ENSG00000265690	0	NA	NA	NA	NA	NA
ENSG00000267182	0	NA	NA	NA	NA	NA
ENSG00000267824	0	NA	NA	NA	NA	NA
ENSG00000268317	0	NA	NA	NA	NA	NA
ENSG00000268863	0	NA	NA	NA	NA	NA
ENSG00000268927	0	NA	NA	NA	NA	NA
ENSG00000268977	0	NA	NA	NA	NA	NA
ENSG00000269047	0	NA	NA	NA	NA	NA
ENSG00000269049	0	NA	NA	NA	NA	NA
ENSG00000269422	0	NA	NA	NA	NA	NA
ENSG00000269622	0	NA	NA	NA	NA	NA
ENSG00000269746	0	NA	NA	NA	NA	NA
ENSG00000269866	0	NA	NA	NA	NA	NA
ENSG00000269881	0	NA	NA	NA	NA	NA
ENSG00000270222	0	NA	NA	NA	NA	NA
ENSG00000270313	0	NA	NA	NA	NA	NA
ENSG00000270318	0	NA	NA	NA	NA	NA
ENSG00000270401	0	NA	NA	NA	NA	NA
ENSG00000270424	0	NA	NA	NA	NA	NA
ENSG00000270440	0	NA	NA	NA	NA	NA
ENSG00000270466	0	NA	NA	NA	NA	NA
ENSG00000270467	0	NA	NA	NA	NA	NA
ENSG00000270472	0	NA	NA	NA	NA	NA
ENSG00000270698	0	NA	NA	NA	NA	NA
ENSG00000270734	0	NA	NA	NA	NA	NA
ENSG00000270832	0	NA	NA	NA	NA	NA
ENSG00000270864	0	NA	NA	NA	NA	NA
ENSG00000270924	0	NA	NA	NA	NA	NA
ENSG00000270945	0	NA	NA	NA	NA	NA
ENSG00000271105	0	NA	NA	NA	NA	NA
ENSG00000271129	0	NA	NA	NA	NA	NA
ENSG00000271130	0	NA	NA	NA	NA	NA
ENSG00000271178	0	NA	NA	NA	NA	NA
ENSG00000271456	0	NA	NA	NA	NA	NA
ENSG00000271495	0	NA	NA	NA	NA	NA
ENSG00000271609	0	NA	NA	NA	NA	NA
ENSG00000271620	0	NA	NA	NA	NA	NA
ENSG00000271623	0	NA	NA	NA	NA	NA
ENSG00000271691	0	NA	NA	NA	NA	NA
ENSG00000271699	0	NA	NA	NA	NA	NA
ENSG00000272617	0	NA	NA	NA	NA	NA
