row ID	ID	aveLog2CPM	log2CPM_A	log2CPM_B	FC	log2FC	PValue	adj.PValue
1	ENST00000569262	287.061136084419	83.426452702571	490.695819466268	5.88177734483904	2.55625217192024	3.63544730897794E-11	1.8795262587416E-8
2	ENST00000563066	187.821414483327	41.1010213475676	334.541807619087	8.13950107930555	3.02494036544098	1.35091855385929E-10	3.49212446172627E-8
3	ENST00000566431	167.765175828106	51.3558155925928	284.17453606362	5.53344412477031	2.46817772188115	4.62781674042794E-9	5.39971553154451E-7
4	ENST00000565561	60.0105774704638	15.8741812011488	104.146973739779	6.56077768170124	2.71386683481829	4.65506303780067E-9	5.39971553154451E-7
5	ENST00000564567	380.28667655167	107.785357426336	652.787995677005	6.05636991205545	2.59845332520307	5.22216202277032E-9	5.39971553154451E-7
6	ENST00000567845	809.593235109345	242.278373605339	1376.90809661335	5.68316550967224	2.50669473131505	3.45032761360836E-8	2.60346643411038E-6
7	ENST00000566789	76.0383832956969	20.9135328836444	131.163233707749	6.27169184840725	2.64885467621075	3.52500290885351E-8	2.60346643411038E-6
8	ENST00000262424	3903.6205538396	1025.31522167886	6781.92588600033	6.61447888669355	2.72562750008713	1.86908268048774E-7	1.2078946822652E-5
9	ENST00000261622	457.143261704952	639.323422353198	274.963101056706	0.43008451034788	-1.21730792186267	2.5130445513534E-7	1.44360448116634E-5
10	ENST00000527937	56.3217855314735	82.8735410364239	29.7700300265232	0.359222372475178	-1.47705089053806	3.71457502099337E-7	1.92043528585357E-5
11	ENST00000569090	91.7693951161848	27.1771701539792	156.36162007839	5.75341800461503	2.52441929053812	2.57770580517259E-6	1.21152172843112E-4
12	ENST00000565644	366.083587619554	516.463087902886	215.704087336222	0.417656348321223	-1.2596117279042	2.54351333607074E-5	0.00109583032895714
13	ENST00000567056	121.343603071767	54.1635747874127	188.523631356122	3.48063494878358	1.79935051121852	2.32260179408571E-4	0.00923680867340241
14	ENST00000262430	221.497574211436	162.606889481358	280.388258941513	1.72433197532912	0.786037554620982	4.37100017256436E-4	0.0161414792086841
15	ENST00000531391	20.8337867250289	29.9398781469754	11.7276953030824	0.391708184165309	-1.3521488232968	6.43481337940398E-4	0.0221786567810124
16	ENST00000565212	18.4471957436576	10.4556177508459	26.4387737364692	2.52866682452409	1.33837696097431	0.00162415285487305	0.0524804391230855
17	ENST00000554444	22.7843554206188	34.3776275239463	11.1910833172914	0.325533904557435	-1.61912028609068	0.00195346663134541	0.0594083675532693
18	ENST00000602914	18.9806177340016	27.9039512925493	10.0572841754538	0.360425090698149	-1.4722286482037	0.00228113358932092	0.0655192258710508
19	ENST00000602583	28.6609536060639	39.0899380985435	18.2319691135844	0.466410795218521	-1.10032691435069	0.00241645892769666	0.0657531192431144
20	ENST00000556922	35.2913172422503	46.3989680616933	24.1836664228073	0.521211299153292	-0.940059734972632	0.00263315942687771	0.0680671711847888
21	ENST00000393062	28.121089942431	38.2777481462828	17.9644317385792	0.469317883328091	-1.09136265967101	0.00293394316693038	0.0722308865382385
22	ENST00000602766	20.19711316277	29.3601428386684	11.0340834868716	0.375818453864581	-1.41189218553955	0.00462976763322104	0.108799539380694
23	ENST00000219454	218.34939517627	104.861894802497	331.836895550043	3.16451363171574	1.66198378242416	0.00534864348707996	0.120228203600884
24	ENST00000568638	151.181542190387	71.2853810204576	231.077703360316	3.24158614364424	1.69669991237778	0.00643204292935554	0.138556924769867
25	ENST00000569024	151.703139937776	120.279165882352	183.127113993199	1.52251732583779	0.606458645706669	0.00906955873871535	0.187558474716633
26	ENST00000533478	38.2686429768023	56.3269882515771	20.2102977020274	0.358803094739608	-1.47873576107882	0.00963341196523784	0.191556691770306
27	ENST00000389301	45.1518284992994	56.620059743635	33.6835972549639	0.594905717293074	-0.749267051629316	0.0110888456996672	0.212330860249182
28	ENST00000322911	116.824428410447	141.793227082169	91.8556297387263	0.647813944494657	-0.626348571742273	0.0134129185988632	0.247659961271867
29	ENST00000446326	37.5461079774014	28.4028119827327	46.6894039720701	1.64383033625173	0.717061402620797	0.0175771245368442	0.313184710160251
30	ENST00000299598	41.2280567774682	62.2671301329859	20.1889834219504	0.324231795793898	-1.6249025191926	0.0181731940131674	0.313184710160251
31	ENST00000304984	16.5803861180486	22.9352259981781	10.2255462379191	0.445844581550292	-1.16538721098206	0.0217026437597116	0.349838715142084
32	ENST00000567278	1067.22710465894	921.180641001999	1213.27356831589	1.31708539488647	0.397348887572612	0.0218545291126276	0.349838715142084
33	ENST00000561707	319.882687199608	272.924034254925	366.841340144292	1.34411518994931	0.426656781604392	0.0223301307537501	0.349838715142084
34	ENST00000563489	36.8842918233227	51.2758607073825	22.4927229392629	0.438661050813419	-1.18882148128818	0.0245521799386178	0.359170383878222
35	ENST00000284245	31.1149683563263	39.5898047718823	22.6401319407703	0.57186773390835	-0.806246587219253	0.0247945209846855	0.359170383878222
36	ENST00000565237	33.2302514407173	43.0162503535247	23.4442525279099	0.545009207804858	-0.875647490791946	0.0250099300185996	0.359170383878222
37	ENST00000569108	34.6332835566751	44.1997600655412	25.066807047809	0.567125409971433	-0.81826029739569	0.026332421149439	0.360048397652847
38	ENST00000507205	57.174523036123	68.2962825490114	46.0527635232346	0.674308495344323	-0.56851932116632	0.0271531736729171	0.360048397652847
39	ENST00000538234	49.4253293932151	61.4657361055397	37.3849226808905	0.608223785308594	-0.717325859124073	0.0271603240008917	0.360048397652847
40	ENST00000525539	33.2427379683354	48.5195445009851	17.9659314356858	0.370282359829678	-1.43330227341572	0.0282768394921485	0.365478150436019
41	ENST00000568456	53.9590152926321	63.5982705564236	44.3197600288406	0.696870522438509	-0.521037464601513	0.029994716000578	0.378226052982899
42	ENST00000562029	32.012236690681	39.6994572298523	24.3250161515097	0.612729186967784	-0.706678520068328	0.032557595098566	0.400768492046634
43	ENST00000602675	28.1841491408202	36.8404057746023	19.5278925070382	0.530067248078485	-0.915752693108025	0.0341092977673997	0.410104812691759
44	ENST00000567174	136.632271997991	112.863589262597	160.400954733385	1.42119310382894	0.507102593292099	0.0360356711212903	0.423419135675161
45	ENST00000481948	22.0800430133209	30.3009928651966	13.8590931614452	0.457380826532703	-1.12853220584518	0.041495309355452	0.476734998594859
46	ENST00000568100	83.2335418417224	98.7901656973823	67.6769179860626	0.685057237310169	-0.545703562969263	0.0468310543926438	0.526340328717322
47	ENST00000526632	19.9672581076564	26.7989015010803	13.1356147142325	0.490154968243864	-1.02869014857635	0.0487769005891382	0.53654590648052
48	ENST00000262428	1495.85686555098	1326.82125645601	1664.89247464596	1.25479786108715	0.327454975096202	0.0514805517081909	0.554488442356973
49	ENST00000355163	40.287946005942	49.0866757217118	31.4892162901722	0.641502318647421	-0.640473615082785	0.0539380190309563	0.557087306151119
50	ENST00000337114	19.8662906094703	26.3109013323013	13.4216798866392	0.510118589900291	-0.971095418053172	0.0559862986663326	0.557087306151119
51	ENST00000320354	51.0612713329837	41.7855902401202	60.3369524258473	1.44396554120983	0.530036314164923	0.0564801979223079	0.557087306151119
52	ENST00000378247	75.7339262205566	90.0448455715651	61.4230068695481	0.682137955589371	-0.551864555465489	0.0569886066597103	0.557087306151119
53	ENST00000435200	248.381572597239	212.112349545328	284.650795649151	1.34198124842477	0.424364512824541	0.0571095304178129	0.557087306151119
54	ENST00000564057	1171.92422282338	1054.41047397116	1289.43797167559	1.22289943386019	0.29030576753115	0.0586210369919202	0.561242150459681
55	ENST00000570036	93.2969543469952	77.6029809542846	108.990927739706	1.40446831293648	0.490024075311518	0.0649743837071896	0.607792920627811
56	ENST00000301021	277.774307273335	311.969804896273	243.578809650396	0.780776875926769	-0.357017769291625	0.0666258286115506	0.607792920627811
57	ENST00000541206	69.3668827417556	82.1992798325103	56.5344856510009	0.687773491035395	-0.539994583978742	0.0670100512104163	0.607792920627811
58	ENST00000568369	31.8471099160684	37.772535448358	25.9216843837788	0.68625746395072	-0.543178159481905	0.069263765162505	0.617402872224398
59	ENST00000490756	30.2527894714643	23.9593703516691	36.5462085912595	1.52534094405839	0.609131749774452	0.0713983112933867	0.625642829469169
60	ENST00000566488	842.555602274485	927.987781677383	757.123422871587	0.815876499476156	-0.293577309207535	0.0750792310150078	0.646932707245984
61	ENST00000319555	161.975286597096	184.296960575604	139.653612618588	0.757764057434351	-0.400179383901896	0.0775005474254647	0.647692014281304
62	ENST00000411612	31.9327839402611	39.8422277341145	24.0233401464077	0.602961769776691	-0.729861562582987	0.0784509653349731	0.647692014281304
63	ENST00000253457	294.386349626277	257.312652693856	331.460046558699	1.2881606990118	0.365312581966286	0.0789257193418223	0.647692014281304
64	ENST00000299575	913.510050700095	1006.06644023479	820.953661165399	0.816003425155309	-0.29335288699916	0.0836744247574598	0.675932462493855
65	ENST00000434463	122.429800088272	138.260650396522	106.598949780022	0.770999915553003	-0.375197392764265	0.086589843604092	0.688722294512547
66	ENST00000569363	19.2194253485263	23.6611563930433	14.7776943040093	0.624555032667556	-0.679099394377579	0.0962341386793713	0.713277052201243
67	ENST00000568107	365.617241586766	318.461656363147	412.772826810385	1.29614607775478	0.374228321444974	0.0965352512153314	0.713277052201243
68	ENST00000562940	18.6886850078429	23.5047286091765	13.8726414065094	0.590206406428934	-0.760708514217254	0.0968996147790089	0.713277052201243
69	ENST00000600807	55.9974928039963	47.3397101843271	64.6552754236655	1.36577252315058	0.449717214922936	0.0979986037328865	0.713277052201243
70	ENST00000289805	158.775443765791	138.179867285431	179.371020246152	1.29809807875727	0.376399391342528	0.0990165251574473	0.713277052201243
71	ENST00000567312	52.2500572954423	61.2811591700938	43.2189554207909	0.705256819650409	-0.503779383522446	0.0990365433704314	0.713277052201243
72	ENST00000562580	59.4627688513311	69.0057104608169	49.9198272418453	0.723415887011133	-0.467102813370729	0.0993345217765755	0.713277052201243
73	ENST00000561972	17.9792378292551	22.4344069248889	13.5240687336213	0.602827111895592	-0.730183791890355	0.101068981036085	0.715789906789805
74	ENST00000563428	63.8308427726896	53.8475154564347	73.8141700889446	1.37079992388254	0.455018016860091	0.106612838484419	0.744849155357356
75	ENST00000562464	21.1303445537916	15.1424146904918	27.1182744170914	1.79088176961099	0.840670096661594	0.108788016471633	0.749912060211126
76	ENST00000393208	42.1562369401567	50.1880788754471	34.1243950048664	0.679930289612274	-0.556541254386218	0.115134265889212	0.783215992956878
77	ENST00000258157	256.189921444523	231.270088880448	281.109754008599	1.21550415520407	0.281554825231768	0.117639442509353	0.789864828277088
78	ENST00000341316	291.435643779469	326.047841707117	256.823445851821	0.787686385246865	-0.344306755190455	0.125768317681066	0.81328464632742
79	ENST00000596852	44.3479864970852	38.3160446090998	50.3799283850705	1.3148520130156	0.394900432899473	0.127442110394914	0.81328464632742
80	ENST00000567328	114.027453246715	128.278667543146	99.7762389502836	0.77780850753477	-0.362513080080401	0.12926480543707	0.81328464632742
81	ENST00000567085	54.9690436853872	63.5016528107526	46.4364345600219	0.731263400315131	-0.451536937846109	0.132150507472866	0.81328464632742
82	ENST00000566732	73.205791882559	83.4403587025284	62.9712250625896	0.754685454877861	-0.406052625605631	0.132384146237364	0.81328464632742
83	ENST00000567699	22.0082560487754	26.6702405626414	17.3462715349094	0.650398015502244	-0.620605239426203	0.132387628064132	0.81328464632742
84	ENST00000381214	28.2373804056652	33.5731632002144	22.901597611116	0.682140001957566	-0.551860227483452	0.132785588511665	0.81328464632742
85	ENST00000378384	40.4073455737199	33.7133238697528	47.101367277687	1.3971143118269	0.482450066816697	0.133712175895224	0.81328464632742
86	ENST00000568583	112.628845769483	124.601061632596	100.65662990637	0.807831238253576	-0.307874159787006	0.139524455905522	0.83876911282738
87	ENST00000564365	100.732473708026	110.160084234853	91.3048631811993	0.828837993501747	-0.270837957958171	0.147730801673453	0.875283087593314
88	ENST00000565205	106.582091418439	117.242562232453	95.9216206044239	0.818146744475294	-0.289568463774737	0.149748132762896	0.875283087593314
89	ENST00000566050	18.5874631975578	22.7426912295523	14.4322351655632	0.63458783395035	-0.65610823210604	0.15067735937293	0.875283087593314
90	ENST00000565588	14.1358437176008	10.1455702002243	18.1261172349772	1.78660409195891	0.837219971341661	0.155718022980557	0.89451353201053
91	ENST00000547687	477.294104407081	428.940782458773	525.647426355389	1.22545453323947	0.293316958389352	0.158929907159438	0.902931450565161
92	ENST00000518793	60.2497263219575	50.8029779347649	69.6964747091501	1.37189742693127	0.456172619127677	0.164363001941103	0.923178994881702
93	ENST00000325279	2347.23871466123	2126.9538293682	2567.52359995426	1.20713649939309	0.271588820967098	0.171027343911078	0.923178994881702
94	ENST00000567391	132.920544602529	119.381220434168	146.45986877089	1.22682502522794	0.294929500641613	0.171953216553086	0.923178994881702
95	ENST00000343629	469.681688140496	428.829363878475	510.534012402517	1.19052950988495	0.251603381412136	0.17241483204726	0.923178994881702
96	ENST00000446376	22.5137979860895	16.906184768967	28.1214112032119	1.6633800935875	0.734117871858557	0.174382474204463	0.923178994881702
97	ENST00000569359	142.024288077701	127.360171559801	156.688404595602	1.23027790145548	0.298984235699917	0.181291507281488	0.923178994881702
98	ENST00000567379	27.5287662192895	32.0402604298264	23.0172720087525	0.718385921336819	-0.477169017938284	0.182182712037673	0.923178994881702
99	ENST00000534447	19.4954734491532	25.6892712498587	13.3016756484477	0.517791085588729	-0.949557967207544	0.182976636825428	0.923178994881702
100	ENST00000355022	47.8046341072895	54.0862687704518	41.5229994441272	0.767717951119081	-0.381351712663934	0.183790628470812	0.923178994881702
101	ENST00000563386	19.4160311335544	15.9973163838575	22.8347458832512	1.42741103165861	0.513400827420065	0.183882303562516	0.923178994881702
102	ENST00000253461	29.9781231944929	25.1679034885913	34.7883429003945	1.38225032991581	0.467018916032588	0.186044083604462	0.923178994881702
103	ENST00000568412	192.835668704095	211.743417691545	173.927919716644	0.821408861785783	-0.283827582942397	0.186430064280792	0.923178994881702
104	ENST00000219439	587.446030932133	636.055566527026	538.836495337239	0.847153179209451	-0.239305238782962	0.187046864702644	0.923178994881702
105	ENST00000563983	83.7590575051032	74.7940677675188	92.7240472426876	1.239724620018	0.31001969040565	0.187492832616206	0.923178994881702
106	ENST00000539778	241.985276625277	267.332835365066	216.637717885488	0.81036703774024	-0.303352602209115	0.190487235619995	0.929074535995634
107	ENST00000378611	25.7936591255587	30.9936141432017	20.5937041079158	0.664449909351177	-0.589767651224153	0.200639599794699	0.938949398497656
108	ENST00000301019	35.8348649591663	41.0265388804096	30.643191037923	0.746911435235772	-0.420990908795349	0.202076361349766	0.938949398497656
109	ENST00000561807	29.7996807970262	26.004048378722	33.5953132153304	1.29192626955809	0.369523737541016	0.203590903067042	0.938949398497656
110	ENST00000563291	61.569839813002	53.4577853301499	69.681894295854	1.30349384781853	0.382383773711485	0.205125900718572	0.938949398497656
111	ENST00000540269	518.809286833747	469.489053581117	568.129520086376	1.21010173880064	0.275128346584846	0.205427858567816	0.938949398497656
112	ENST00000268616	1330.75348099593	1452.33185276286	1209.175109229	0.832574942791973	-0.264347955162219	0.206806945412825	0.938949398497656
113	ENST00000360900	136.403091987418	149.16115162438	123.645032350456	0.828935892515907	-0.270667562678582	0.209958560090691	0.938949398497656
114	ENST00000562388	46.479652111642	51.919664983024	41.0396392402601	0.790444993311853	-0.339263025266879	0.210005175335021	0.938949398497656
115	ENST00000565193	22.9947234648257	28.1837300669136	17.8057168627378	0.631772899487173	-0.66252204228187	0.210500493461846	0.938949398497656
116	ENST00000561585	112.389076432092	123.626825650695	101.15132721349	0.818198855152122	-0.289476576321281	0.214102832206769	0.938949398497656
117	ENST00000569925	48.4893597092031	41.7725083111047	55.2062111073015	1.32159195938506	0.402276814486077	0.214839963988094	0.938949398497656
118	ENST00000564249	16.2039171571368	13.3687283957309	19.0391059185428	1.4241523468023	0.510103484941872	0.217023193368154	0.938949398497656
119	ENST00000548650	25.5232424930149	20.97577816337	30.0707068226599	1.43359195489454	0.519634446340245	0.217585487884869	0.938949398497656
120	ENST00000570137	200.331491094533	150.942299421313	249.720682767752	1.65441154484289	0.726318158239776	0.219299827183554	0.938949398497656
121	ENST00000537098	314.727136780824	342.065978224328	287.38829533732	0.840154571434315	-0.251273315892631	0.221337099614005	0.938949398497656
122	ENST00000561958	239.054714229453	258.079982514861	220.029445944044	0.852563007018085	-0.230121637227317	0.221570264248963	0.938949398497656
123	ENST00000537116	29.9303637899402	25.5139787588625	34.3467488210179	1.34619336112315	0.428885647019671	0.224951027570594	0.945525863853634
124	ENST00000398040	119.108237542835	130.272496057571	107.9439790281	0.828601449229903	-0.271249751284018	0.242490948870408	1.0
125	ENST00000568020	987.941186024131	1063.02278600144	912.859586046825	0.85873943443917	-0.219707651146999	0.248616871707659	1.0
126	ENST00000565636	28.6643711419677	24.1934392419315	33.1353030420039	1.36959870445268	0.453753242160853	0.250541629032362	1.0
127	ENST00000469381	239.047058712827	263.589231195587	214.504886230067	0.813784710616273	-0.297280919569486	0.25116082701773	1.0
128	ENST00000428848	164.41036872162	145.423011570922	183.397725872318	1.26113277321915	0.334720171923965	0.25611127264618	1.0
129	ENST00000446344	159.554847013095	174.695876753804	144.413817272386	0.826658418938566	-0.274636774079717	0.262371249028608	1.0
130	ENST00000253462	34.2082044457296	39.6181593365098	28.7982495549493	0.72689519243794	-0.460180731086781	0.266321637154902	1.0
131	ENST00000378541	88.2537366164171	96.0959828385645	80.4114903942698	0.836783058136325	-0.25707445242074	0.266879123485314	1.0
132	ENST00000431540	29.5145683602103	26.4362856972349	32.5928510231858	1.23288314389018	0.302036063553002	0.267437854717376	1.0
133	ENST00000564105	41.6311060441311	37.7140981667781	45.5481139214842	1.20772114767434	0.272287387355502	0.267543043663206	1.0
134	ENST00000563048	122.272967115376	111.360675847099	133.185258383653	1.19598105319081	0.258194534448911	0.27103826088375	1.0
135	ENST00000566620	597.84759493797	535.487713261557	660.207476614383	1.23290873023618	0.302066003869446	0.271792396144601	1.0
136	ENST00000563113	131.128380770813	139.238600776827	123.018160764799	0.883506154747804	-0.178687909863491	0.272999320641555	1.0
137	ENST00000253458	387.508942937528	447.420742188	327.597143687056	0.732190336292912	-0.449709362318785	0.273037037835161	1.0
138	ENST00000439957	37.7008455054041	32.0177255841286	43.3839654266795	1.35499835279322	0.438291097764756	0.276913977718537	1.0
139	ENST00000566317	25.7088116587854	29.9878074648183	21.4298158527525	0.714617628444291	-0.484756591605845	0.277794851513883	1.0
140	ENST00000426324	251.151615276627	231.646667067169	270.656563486085	1.16840258015715	0.224537449154274	0.279727138082142	1.0
141	ENST00000566858	52.3428070378796	46.0414897053051	58.644124370454	1.27372343392479	0.349052056385475	0.282202532333512	1.0
142	ENST00000539819	464.038765913165	491.630587441864	436.446944384466	0.887753845128842	-0.171768390881557	0.283736819760031	1.0
143	ENST00000568311	13.025822344152	10.5674937091368	15.4841509791672	1.46526237964821	0.551159026370308	0.285393232054585	1.0
144	ENST00000270583	35.8579109448221	41.3506485346107	30.3651733550334	0.734333666607855	-0.445492350920593	0.291733098630608	1.0
145	ENST00000261623	602.718999629021	555.335611754101	650.10238750394	1.17064775559865	0.227307038521918	0.292092632978276	1.0
146	ENST00000566513	98.1837357715041	108.909343871024	87.458127671984	0.803036034957259	-0.316463367060474	0.29235187317022	1.0
147	ENST00000563170	15.9530134187103	13.3974548717692	18.5085719656515	1.38149910880852	0.466234631482328	0.294449153514026	1.0
148	ENST00000479780	24.5410543323526	28.5285549074554	20.5535537572498	0.720455481321224	-0.473018809333172	0.301362376348015	1.0
149	ENST00000564996	355.9221620654	334.580280959185	377.264043171616	1.12757405215294	0.173222183960131	0.30392234835263	1.0
150	ENST00000569599	32.5671173799715	28.803507577435	36.3307271825079	1.26132996423567	0.334945734425242	0.306464387342619	1.0
151	ENST00000566469	13.8281930261217	15.529382042511	12.1270040097323	0.780907055833591	-0.356777246990523	0.311665351029249	1.0
152	ENST00000564049	64.7345064438374	56.8588037726103	72.6102091150645	1.27702667480391	0.352788660675238	0.313875157427858	1.0
153	ENST00000263346	983.189402693339	1038.61357392307	927.76523146361	0.893272777053394	-0.162827299149272	0.317354773535776	1.0
154	ENST00000564409	42.9417322435312	40.0579969997838	45.8254674872786	1.14397800487942	0.194059313867671	0.325344103926948	1.0
155	ENST00000566405	455.548272037292	488.413841814589	422.682702259994	0.865419171351929	-0.208529014215379	0.328219790227608	1.0
156	ENST00000563636	111.173697875373	118.92816002542	103.419235725326	0.869594179403941	-0.201585811115025	0.331014305400415	1.0
157	ENST00000568278	54.2788781809853	49.3817968662282	59.1759594957425	1.19833548495706	0.261031860319569	0.332302830132559	1.0
158	ENST00000565544	35.9283035278375	30.5819120726861	41.2746949829888	1.34964402764904	0.432578942634734	0.3337888144698	1.0
159	ENST00000565891	108.249945186988	113.995567397712	102.504322976264	0.899195690817022	-0.153292973087208	0.336141529035906	1.0
160	ENST00000564341	14.5404006411797	11.9397025358592	17.1410987465001	1.43563867650968	0.521692695400297	0.338781816336469	1.0
161	ENST00000564238	22.7982757421474	26.3040542220911	19.2924972622037	0.733441966752073	-0.447245277033994	0.339627887842019	1.0
162	ENST00000568929	14.8558646762521	12.5696645439617	17.1420648085425	1.36376470100607	0.447594748485999	0.340983895099359	1.0
163	ENST00000312060	40.5310226341789	36.9506459517718	44.111399316586	1.19379237305243	0.255551941783097	0.341613339582876	1.0
164	ENST00000568080	17.9000436518831	23.8800123518604	11.9200749519057	0.499165359559666	-1.00241027552197	0.344496175191818	1.0
165	ENST00000546093	86.9475505260598	93.390872642355	80.5042284097646	0.862013879215579	-0.214216996670103	0.350464475654932	1.0
166	ENST00000569918	11.7907405051434	9.62723140180811	13.9542496084786	1.44945613396785	0.535511672644106	0.356170974227587	1.0
167	ENST00000562194	54.7776917282537	50.1873318885452	59.3680515679623	1.18292902479465	0.24236351522583	0.356368999171419	1.0
168	ENST00000564662	210.723177360988	198.697320716102	222.749034005874	1.12104699350293	0.164846756174214	0.356914942107753	1.0
169	ENST00000565196	206.39280667927	216.993561688494	195.792051670047	0.902294289962009	-0.148330038986738	0.357025846038914	1.0
170	ENST00000561895	13.5453360360543	11.0628732769377	16.0277987951709	1.44879168313202	0.534850169554623	0.357386874924703	1.0
171	ENST00000566428	1152.97282433458	1239.99787294168	1065.94777572749	0.859636777600845	-0.218200888381161	0.35828378875731	1.0
172	ENST00000565364	26.6276113159737	31.343900142884	21.9113224890635	0.699061775630306	-0.516508143639316	0.361534517530556	1.0
173	ENST00000569907	98.3470440022574	105.815420981535	90.8786670229802	0.858841425758152	-0.219536314386453	0.364037393022231	1.0
174	ENST00000564241	853.527679661354	896.96250690094	810.092852421769	0.903151298063382	-0.14696040321492	0.364842208605376	1.0
175	ENST00000570191	325.254962653176	307.442007436344	343.067917870008	1.11587847324683	0.158179916422577	0.365332705646188	1.0
176	ENST00000315467	206.258045537009	218.837856991505	193.678234082512	0.885030756310277	-0.176200502736583	0.368536874005256	1.0
177	ENST00000258180	1135.43443501754	1224.44124410063	1046.42762593445	0.854616447278417	-0.226651012622986	0.369123764081873	1.0
178	ENST00000320241	932.16342633504	881.953992475613	982.372860194467	1.11385953074149	0.155567305316614	0.370385411670448	1.0
179	ENST00000566617	129.613139153651	119.313578956259	139.912699351043	1.17264690720857	0.229768672442008	0.373052680139553	1.0
180	ENST00000564858	43.6061388779978	39.4184095745147	47.7938681814808	1.21247581263099	0.277955967633471	0.373181406666705	1.0
181	ENST00000569720	88.5016565392671	95.782517897979	81.2207951805552	0.847970975946426	-0.2379132093144	0.380347808737194	1.0
182	ENST00000563526	57.5972870505321	52.3011259330563	62.8934481680078	1.2025257018082	0.266067729317544	0.380422742421831	1.0
183	ENST00000537290	22.1752273856178	19.4522573465858	24.8981974246498	1.27996442680314	0.356103714922258	0.381771755108179	1.0
184	ENST00000397901	631.349654467199	592.792778229937	669.90653070446	1.13008551268924	0.176431944379383	0.383041591749298	1.0
185	ENST00000457689	13.0107011791909	15.3720284047693	10.6493739536124	0.692776104310891	-0.529538926350903	0.38308775018964	1.0
186	ENST00000561477	23.693999504119	27.2338844211845	20.1541145870535	0.740038191958255	-0.434328367487712	0.383847071439739	1.0
187	ENST00000568575	32.1732077230663	35.278847364567	29.0675680815656	0.823937578832582	-0.279393051313635	0.384386561184087	1.0
188	ENST00000393243	351.671154042534	392.201309242095	311.140998842974	0.793319633338897	-0.334025841160241	0.384502732343664	1.0
189	ENST00000286122	47.0077998500632	52.1257563580201	41.8898433421062	0.803630417454096	-0.315395923698585	0.386217819868452	1.0
190	ENST00000544543	22.1050824906099	20.1328179658945	24.0773470153253	1.1959253322666	0.25812731751974	0.390623142152022	1.0
191	ENST00000253475	585.842405187547	545.640122094153	626.044688280941	1.14735823655745	0.198315910458269	0.390842744494849	1.0
192	ENST00000564903	479.933082572132	509.464111768487	450.402053375777	0.884070227856307	-0.177767117402163	0.391222522383759	1.0
193	ENST00000563406	17.1237484552508	19.1927385537905	15.0547583567111	0.784398657571344	-0.350341028399653	0.392196015286393	1.0
194	ENST00000562155	28.6324667693651	32.3692599208306	24.8956736178996	0.76911469952634	-0.378729328822078	0.392695126470674	1.0
195	ENST00000567593	12.6253907662656	11.2581627249976	13.9926188075335	1.24288653036294	0.313694591197263	0.393000976190428	1.0
196	ENST00000562969	32.0487245458491	28.8285968274689	35.2688522642293	1.22339815826984	0.29089400932549	0.39416928938323	1.0
197	ENST00000565504	221.329066281777	233.06589907597	209.592233487585	0.899283139740946	-0.153152674378285	0.395174230554168	1.0
198	ENST00000562447	11.3918375396905	9.57836410700707	13.2053109723739	1.37866036672312	0.463267092389563	0.395909121445461	1.0
199	ENST00000475586	13.7320834168998	11.67227008136	15.7918967524396	1.35294134237507	0.436099291717218	0.397021859348918	1.0
200	ENST00000561801	28.5872422653082	30.7756233510816	26.3988611795348	0.857784775904692	-0.221312383858763	0.397060885628225	1.0
201	ENST00000570117	55.1653354350739	48.6001396977413	61.7305311724065	1.27017188749512	0.345023744601274	0.398413816215914	1.0
202	ENST00000564404	68.1863620618766	73.5167659140157	62.8559582097374	0.854988075553445	-0.22602379589453	0.403563400612893	1.0
203	ENST00000565404	81.1751780802483	86.8427868424206	75.507569318076	0.869474277179603	-0.201784747901053	0.409705130461272	1.0
204	ENST00000567410	18.1096216031057	21.0818981351497	15.1373450710618	0.718025719222286	-0.477892573499341	0.410574201496816	1.0
205	ENST00000564386	124.029253271695	132.45916797234	115.59933857105	0.872716780126456	-0.196414558100982	0.411810374568969	1.0
206	ENST00000378364	410.70671413446	388.67054342272	432.742884846201	1.11339254329739	0.154962326214801	0.413587012629657	1.0
207	ENST00000268613	235.711048532889	216.637817597544	254.784279468234	1.17608403875982	0.233991153686325	0.414028469105948	1.0
208	ENST00000561945	35.1757193229872	39.076495517029	31.2749431289454	0.800351789871132	-0.321293827454535	0.414226066126931	1.0
209	ENST00000562788	30.3236311392202	33.7737668699947	26.8734954084458	0.795691387102003	-0.329719112145463	0.416389447152507	1.0
210	ENST00000535997	567.976473427042	533.867948577446	602.084998276638	1.1277788821767	0.17348423364275	0.420678994038057	1.0
211	ENST00000263347	675.138824060184	703.567511647881	646.710136472488	0.919187037158349	-0.121569642376828	0.425155617661541	1.0
212	ENST00000567057	32.0268680098723	35.405574618793	28.6481614009516	0.80914267624244	-0.305533979180682	0.425246177873101	1.0
213	ENST00000437464	726.58760986868	694.296219212045	758.879000525314	1.09301905948237	0.128318558174461	0.42601871380642	1.0
214	ENST00000569885	61.406392765574	56.6845325519333	66.1282529792147	1.16660136376055	0.222311665780202	0.427641681310067	1.0
215	ENST00000327397	291.139602577682	271.005268696198	311.273936459166	1.14858998113469	0.199863882620713	0.430102948265097	1.0
216	ENST00000331006	107.033341678621	96.7940086167839	117.272674740458	1.21156956320252	0.276877240617708	0.430123076410107	1.0
217	ENST00000566534	93.721910573948	88.1845162230473	99.2593049248487	1.12558654485091	0.170676987957791	0.434004713235728	1.0
218	ENST00000539548	170.677199832994	157.947132729145	183.407266936842	1.16119402592359	0.21560905476186	0.434178926872353	1.0
219	ENST00000540694	73.6380537708396	77.5417416577145	69.7343658839647	0.899313897175367	-0.153103331921689	0.435167105603158	1.0
220	ENST00000361711	92.1676525223209	98.564244639497	85.7710604051447	0.870204613436201	-0.20057342946389	0.439636571869853	1.0
221	ENST00000538274	175.583306823697	192.026760262919	159.139853384475	0.828737896564955	-0.271012199578549	0.440268592589076	1.0
222	ENST00000262426	3195.69435502339	3081.05748363292	3310.33122641385	1.07441397766801	0.103549978847793	0.440466530485718	1.0
223	ENST00000568879	54.8202853765785	50.6129450969686	59.0276256561884	1.16625550129711	0.221883886372079	0.442021026834441	1.0
224	ENST00000563774	160.599133355763	169.918015441664	151.280251269863	0.890313195317424	-0.167615156733448	0.450270811312576	1.0
225	ENST00000219400	31.3714558016616	28.3622663376907	34.3806452656324	1.21219668612814	0.277623803662111	0.451255331156187	1.0
226	ENST00000568133	25.1192616312868	27.8926756712693	22.3458475913042	0.801136751979712	-0.319879566905766	0.451601696901686	1.0
227	ENST00000521877	83.6954575692209	77.1595778922562	90.2313372461855	1.16941201223499	0.225783315912098	0.455199873115796	1.0
228	ENST00000568924	36.7646843031656	40.6959898585263	32.8333787478049	0.80679641561602	-0.309723420436339	0.456564094453563	1.0
229	ENST00000569454	52.3074413264742	48.351062298223	56.2638203547254	1.16365220701248	0.218659929213632	0.456635819674355	1.0
230	ENST00000550872	78.7579014257232	83.1236890156875	74.3921138357589	0.894956837415135	-0.160109990106807	0.459672842946582	1.0
231	ENST00000568016	24.6254960983047	21.8021536557954	27.4488385408139	1.25899665575091	0.33227445085837	0.462072869818557	1.0
232	ENST00000405402	203.733237512421	224.370394616652	183.096080408189	0.816043848926761	-0.293281419492617	0.464044108039019	1.0
233	ENST00000565071	14.8963247359586	17.0567117216125	12.7359377503047	0.746681890282935	-0.42143435395819	0.464151123251971	1.0
234	ENST00000568870	35.5262724467615	39.740579335182	31.311965558341	0.78790913676039	-0.343898830057938	0.46423097497331	1.0
235	ENST00000563433	33.2175099604159	29.5715700890372	36.8634498317946	1.24658412525281	0.317980245837635	0.470191538923218	1.0
236	ENST00000565860	39.0215792129352	35.3526743518553	42.6904840740151	1.207560244216	0.272095165759676	0.471398922855392	1.0
237	ENST00000563892	25.4775740580051	23.1095783311469	27.8455697848633	1.20493629896021	0.268956877904684	0.472649054905011	1.0
238	ENST00000505473	66.3956944639043	69.6894890591629	63.1018998686456	0.90547227021675	-0.14325763508503	0.475116587427693	1.0
239	ENST00000569472	26.7820559913228	25.3529458163503	28.2111661662954	1.112737208948	0.154112916927362	0.47846373103864	1.0
240	ENST00000539976	50.5258772398411	42.3208045427056	58.7309499369766	1.38775598837474	0.4727539185579	0.479190757418085	1.0
241	ENST00000253452	971.687325827614	1004.84549592804	938.529155727189	0.934003445833627	-0.0985002223850637	0.485020816181565	1.0
242	ENST00000563514	20.5599769151859	23.0503672710625	18.0695865593094	0.783917511891187	-0.351226240861276	0.487171304304912	1.0
243	ENST00000570053	33.1299305722275	30.2740470149898	35.9858141294652	1.18866876673764	0.249346751113849	0.492179173797732	1.0
244	ENST00000568709	19.3655792710507	21.7392087247241	16.9919498173774	0.781626876697327	-0.355448018815336	0.492702238647501	1.0
245	ENST00000542788	211.788937165819	203.214458816528	220.36341551511	1.0843884672304	0.11688167491129	0.49358743718494	1.0
246	ENST00000568037	14.9182751663763	18.6007114918348	11.2358388409178	0.604054250604881	-0.727249969900076	0.496232038349049	1.0
247	ENST00000569487	15.2421124291107	13.4071913569105	17.0770335013109	1.27372191883491	0.349050340303404	0.501838205462653	1.0
248	ENST00000487034	489.402789323177	517.549929703482	461.255648942873	0.891229275612382	-0.166131470953693	0.50329980983948	1.0
249	ENST00000562256	675.904258055374	703.285753946457	648.52276216429	0.922132658773668	-0.116953781990065	0.508568634967035	1.0
250	ENST00000562593	257.416428551673	245.895680154452	268.937176948894	1.09370435779909	0.12922281200703	0.51553482370658	1.0
251	ENST00000565078	14.2592936284122	12.2234288962894	16.2951583605351	1.33310861451337	0.414794328240991	0.515932005921186	1.0
252	ENST00000569488	171.980482077337	160.116354661175	183.844609493499	1.14819382368863	0.19936620026393	0.51649132047677	1.0
253	ENST00000565788	287.258424621503	303.787655710468	270.729193532539	0.891179047085981	-0.166212781666895	0.520184808589903	1.0
254	ENST00000567895	119.512578135739	126.045267756876	112.979888514602	0.896343754313127	-0.157875972499801	0.523148211588037	1.0
255	ENST00000568794	455.062706008774	474.280983206158	435.84442881139	0.918958263654309	-0.121928754794462	0.524550037827461	1.0
256	ENST00000549139	119.012875458085	114.288633759667	123.737117156503	1.08267211783024	0.114596395669099	0.527351951336927	1.0
257	ENST00000566751	84.8485984802995	88.8682446477956	80.8289523128034	0.909536951395252	-0.136795844023492	0.528150016035638	1.0
258	ENST00000343411	3725.20904834834	3871.8592526142	3578.55884408248	0.924248173966117	-0.113647806799573	0.528488823482149	1.0
259	ENST00000562929	404.686468777915	419.293769988202	390.079167567629	0.930324263054529	-0.104194441931693	0.529408626028493	1.0
260	ENST00000566349	24.5985782956149	26.5963662397969	22.600790351433	0.849769857568542	-0.234855924580048	0.53214242361268	1.0
261	ENST00000565583	80.4117162910512	85.7113408694299	75.1120917126725	0.876337844569437	-0.190440932000797	0.532861620306245	1.0
262	ENST00000543303	26.1630216660899	28.7521937821923	23.5738495499875	0.819897421691279	-0.286484671101103	0.533610272896085	1.0
263	ENST00000563484	72.5766425283784	68.2809092401651	76.8723758165917	1.12582531006152	0.170982987400614	0.537769890051246	1.0
264	ENST00000317447	105.232652539953	99.7305523054676	110.734752774438	1.11033931142049	0.1510006208085	0.538966680076845	1.0
265	ENST00000562283	24.8486753042954	26.831585957925	22.8657646506659	0.852195792172779	-0.23074316684747	0.541573774393596	1.0
266	ENST00000562330	12.4302596767459	13.8007273886313	11.0597919648606	0.801391959526085	-0.319420059800502	0.544470310426447	1.0
267	ENST00000569177	47.3019248452891	50.8030282272023	43.8008214633759	0.862169500359092	-0.213956567466024	0.545094911051944	1.0
268	ENST00000544090	71.7437660203757	66.9613704495995	76.5261615911519	1.14284043288438	0.192623983817705	0.547317888740644	1.0
269	ENST00000569616	262.686331960732	252.014347055574	273.358316865891	1.084693471065	0.117287401882473	0.553769111384682	1.0
270	ENST00000564047	37.4056715641548	40.553468074617	34.2578750536927	0.844758208857979	-0.243389630177592	0.556293171235422	1.0
271	ENST00000258169	269.631682257243	255.392283932685	283.871080581801	1.11151001201204	0.152520943610128	0.560221091629808	1.0
272	ENST00000568265	21.3175211044331	20.4779890359432	22.1570531729231	1.08199360464706	0.113691971834562	0.561939115281353	1.0
273	ENST00000562816	79.15572567607	76.7800927052031	81.531358646937	1.06188148222191	0.0866227543226116	0.565979406063479	1.0
274	ENST00000567557	63.1879958077929	67.0892711683546	59.2867204472311	0.883698979207217	-0.178373077264699	0.566783933022539	1.0
275	ENST00000562659	17.4042297824218	19.7887934499326	15.019666114911	0.758998579317737	-0.397830909659234	0.567036233940921	1.0
276	ENST00000570149	402.639828171424	414.199815399477	391.079840943372	0.94418159159775	-0.0828637394285412	0.569378038802899	1.0
277	ENST00000563032	27.2665006594847	24.6056487835263	29.9273525354431	1.21627975749535	0.282475102408889	0.569468807255128	1.0
278	ENST00000433866	2002.68389510922	1914.04574849344	2091.32204172499	1.09261862908506	0.127789926226079	0.570463987361531	1.0
279	ENST00000566995	93.0897886267034	87.232234471617	98.9473427817899	1.13429792760822	0.181799619320037	0.57519864031678	1.0
280	ENST00000564161	89.6683495024808	86.4658363799213	92.8708626250403	1.07407580280582	0.103095814992689	0.576964936624305	1.0
281	ENST00000566566	47.9214158196855	51.1007623705229	44.7420692688481	0.87556559223972	-0.191712833927754	0.577206988590689	1.0
282	ENST00000564652	222.762466881449	232.161999539398	213.362934223501	0.9190260880196	-0.121822279594702	0.578470602352436	1.0
283	ENST00000568064	40.1246146133286	36.9763598618211	43.2728693648361	1.17028473128628	0.226859581465973	0.579756966274027	1.0
284	ENST00000565571	2298.7904666699	2382.39953309114	2215.18140024866	0.929811045326426	-0.104990530997561	0.580795355640716	1.0
285	ENST00000564004	87.1693775711782	90.6846382910428	83.6541168513135	0.922472851276469	-0.1164216421481	0.583041392746604	1.0
286	ENST00000438180	65.900207828964	74.156618663699	57.6437969942289	0.777325045733869	-0.36341009366952	0.583393914051329	1.0
287	ENST00000566637	43.2799535129433	41.9409967536679	44.6189102722187	1.06384954402202	0.0892941306871387	0.585686691172789	1.0
288	ENST00000565624	744.627294156394	733.669458176403	755.585130136385	1.02987131563914	0.042464081206965	0.59131015100503	1.0
289	ENST00000562544	15.33796197075	16.1223770371078	14.5535469043921	0.902692380341626	-0.147693665283529	0.596555538884943	1.0
290	ENST00000565279	16.1819904080182	14.5891834676008	17.7747973484356	1.21835450132691	0.284933971416119	0.599928365793393	1.0
291	ENST00000268704	639.22800647674	662.970644921639	615.485368031841	0.928374993291882	-0.107220432114136	0.603309708784776	1.0
292	ENST00000564192	39.6697077839837	42.191123198119	37.1482923698483	0.880476497281413	-0.183643600436893	0.603420296223724	1.0
293	ENST00000353379	107.012891356489	100.993666526096	113.032116186882	1.11920004565509	0.162467926466603	0.603812831476915	1.0
294	ENST00000316853	12.5362727255322	11.5373013066556	13.5352441444089	1.17317245902217	0.230415108411301	0.609435944387886	1.0
295	ENST00000433976	54.5243939402025	57.4255093798812	51.6232785005238	0.898960741628349	-0.15366998147777	0.610023247648657	1.0
296	ENST00000312838	73.7397767372194	70.8500057638287	76.6295477106101	1.08157433276783	0.113132820020509	0.612362921188538	1.0
297	ENST00000551981	47.1583502821741	43.6018967689538	50.7148037953944	1.16313297249732	0.218016039026327	0.617167705280635	1.0
298	ENST00000561840	56.7411103315139	59.9282075058651	53.5540131571626	0.893636158764157	-0.162240532819118	0.617763058547031	1.0
299	ENST00000566229	130.309059063451	121.378427550558	139.239690576345	1.14715352131536	0.198058477333922	0.618726971931714	1.0
300	ENST00000353170	27.9671749167958	26.1979928447796	29.736356988812	1.13506241355957	0.182771629020352	0.618968962495156	1.0
301	ENST00000474606	115.023554164584	120.65136696014	109.395741369028	0.906709506284908	-0.14128768412269	0.623366387270369	1.0
302	ENST00000567525	195.618316048697	190.222081579146	201.014550518247	1.0567361520256	0.0796152067288747	0.624812745790507	1.0
303	ENST00000566115	108.121433568238	110.343067260745	105.899799875731	0.959732246933882	-0.0592961264495047	0.627180475159874	1.0
304	ENST00000569017	106.378663494483	108.828621328271	103.928705660695	0.954975854625635	-0.0664638380240287	0.628891810679123	1.0
305	ENST00000565079	16.4948484446521	15.4833824689887	17.5063144203154	1.13065181044118	0.1771547129798	0.633109648020104	1.0
306	ENST00000562224	16.1703810255627	17.830158308315	14.5106037428105	0.81382360671714	-0.297211965373021	0.634310631845917	1.0
307	ENST00000562981	21.6349997706709	23.0316680792845	20.2383314620572	0.87871757236117	-0.186528550027306	0.636622975888327	1.0
308	ENST00000565370	23.5536877726849	24.4256740498446	22.6817014955252	0.928600842262916	-0.106869505423687	0.639745941006577	1.0
309	ENST00000472018	187.015538102094	190.350883303563	183.680192900624	0.964955821127968	-0.0514652023497613	0.64121074869021	1.0
310	ENST00000472168	90.0398475643653	92.5484437506802	87.5312513780504	0.945788473913772	-0.080410534746082	0.642766294075085	1.0
311	ENST00000567241	113.308450294806	116.502666260152	110.114234329461	0.945164929389468	-0.0813619961877229	0.643650550985542	1.0
312	ENST00000566903	61.089766028834	56.5461247336126	65.6334073240554	1.16070566521141	0.215002176186789	0.643950114279977	1.0
313	ENST00000569770	297.387385977486	307.02810668324	287.746665271731	0.937199751450111	-0.0935715232959376	0.644243804620378	1.0
314	ENST00000565149	189.139576683361	181.561572072568	196.717581294154	1.08347586468093	0.115667016566835	0.64531014345483	1.0
315	ENST00000565123	38.5746486330246	35.034746052094	42.1145512139552	1.20207953416685	0.26553235341356	0.646466079706105	1.0
316	ENST00000566918	11.2859703075827	12.6526423899014	9.91929822526407	0.783970487712598	-0.351128749261257	0.649210516558503	1.0
317	ENST00000565650	16.3174992625876	17.7848419892762	14.8501565358989	0.834989512127977	-0.260170018134183	0.652363540929992	1.0
318	ENST00000567382	155.129677701649	150.547868719939	159.711486683359	1.06086846689585	0.0852457929910954	0.652473933764363	1.0
319	ENST00000569435	46.5757348776765	43.6285847326057	49.5228850227473	1.13510179911329	0.182821688256347	0.654008935793407	1.0
320	ENST00000306502	43.5969896889715	39.6536847230307	47.5402946549124	1.19888719010522	0.26169591402106	0.654536348379699	1.0
321	ENST00000547614	48.4973094880565	49.702690515262	47.2919284608509	0.951496346990092	-0.0717299772103401	0.659158521504264	1.0
322	ENST00000569997	242.285969234522	231.179115896145	253.392822572899	1.09608872579447	0.132364585782679	0.659547016573528	1.0
323	ENST00000491917	38.0762395377477	36.2961650329617	39.8563140425336	1.09808609274117	0.134991169736189	0.659955682884165	1.0
324	ENST00000562209	56.0625300281553	54.1893432636783	57.9357167926322	1.06913487603503	0.0964438668212446	0.663745473023844	1.0
325	ENST00000268607	2282.8493998175	2316.76195883429	2248.93684080071	0.970724174844569	-0.0428666737160297	0.665760178973178	1.0
326	ENST00000568072	13.4125312112344	12.0011997189842	14.8238627034845	1.23519840104279	0.304742790159427	0.666454478479444	1.0
327	ENST00000389386	523.992358165472	505.907355827952	542.077360502993	1.07149531284408	0.0996255390938887	0.66894380307484	1.0
328	ENST00000344861	2225.36487271377	2116.83304426328	2333.89670116425	1.10254169902025	0.140833220709858	0.670049914561962	1.0
329	ENST00000569301	258.366559598912	250.880897575471	265.852221622352	1.05967502584519	0.0836218964069893	0.672476208649697	1.0
330	ENST00000563655	136.73025606216	131.462449165521	141.998062958798	1.08014162112568	0.111220481556169	0.678362510464973	1.0
331	ENST00000593625	51.0594094123722	48.7495990275225	53.3692197972218	1.09476223111274	0.130617568235065	0.678999487957505	1.0
332	ENST00000219473	441.236296391149	426.844754013853	455.627838768445	1.06743220921407	0.0941444496713322	0.679292721146331	1.0
333	ENST00000574293	53.6480968447625	61.2329208090871	46.063272880438	0.752263198811873	-0.410690580343193	0.680139810033974	1.0
334	ENST00000564526	317.483984285764	301.362349106355	333.605619465173	1.10699170103508	0.146644406473206	0.68371125583449	1.0
335	ENST00000561702	227.400289425599	221.642156510396	233.158422340802	1.0519588241322	0.0730782356350986	0.685932047024299	1.0
336	ENST00000335360	32.4237952988014	30.9404437477861	33.9071468498166	1.09588431007046	0.132095504414122	0.686545441318366	1.0
337	ENST00000555147	119.498226844211	124.537517850101	114.458935838321	0.919071921572175	-0.121750331484562	0.693338803614545	1.0
338	ENST00000527076	16.0834883244725	14.3848788393977	17.7820978095473	1.23616597734875	0.305872463809992	0.693367596652629	1.0
339	ENST00000570012	215.223544399432	221.627413206715	208.819675592148	0.942210499011599	-0.0858786869023551	0.693555279780813	1.0
340	ENST00000570195	21.7017810994911	22.6461680361541	20.7573941628281	0.916596314647553	-0.125641609797424	0.696061713712272	1.0
341	ENST00000566496	178.231653260915	183.810057651485	172.653248870344	0.939302511931663	-0.0903382275543013	0.698790602083819	1.0
342	ENST00000602042	94.9999463277709	99.3245199712211	90.6753726843208	0.912920321292201	-0.131439146061114	0.700150818926037	1.0
343	ENST00000563798	18.0556660710687	17.6886321128207	18.4227000293167	1.04149941679006	0.0586620315107432	0.704810043804504	1.0
344	ENST00000563890	15.6848620240138	14.6862502087227	16.6834738393048	1.13599275527772	0.183953634175137	0.706894311201018	1.0
345	ENST00000301011	600.49189570284	588.366821518078	612.616969887602	1.04121603646337	0.0582694369353447	0.707219234176609	1.0
346	ENST00000569377	242.958434759194	231.211395647855	254.705473870533	1.10161297697654	0.139617459601331	0.707455453420246	1.0
347	ENST00000561536	33.3428285557171	30.9667494052867	35.7189077061476	1.15346003026232	0.205968012567562	0.7090020720326	1.0
348	ENST00000570123	231.671031711075	239.10899213286	224.23307128929	0.937786025063818	-0.092669314785069	0.709087814910293	1.0
349	ENST00000568151	18.3375806595684	19.6250981991899	17.0500631199468	0.868788677992481	-0.202922792747082	0.714565166505255	1.0
350	ENST00000567844	12.2413995625706	12.8753770644157	11.6074220607254	0.901520942078307	-0.149567089439843	0.714859162375311	1.0
351	ENST00000568613	147.440072089163	145.465648201857	149.414495976469	1.02714625633904	0.0386416230113479	0.71643797784634	1.0
352	ENST00000567932	18.6647494401893	18.0048014404029	19.3246974399757	1.07330800086531	0.102064137192702	0.721590910565666	1.0
353	ENST00000570116	404.53731418661	410.06563415058	399.00899422264	0.973036901883176	-0.0394335754366478	0.724312985662055	1.0
354	ENST00000313732	4078.01417822895	3892.51067673466	4263.51767972324	1.09531303413143	0.131343242656345	0.727792942919868	1.0
355	ENST00000505733	89.8655387377861	84.5462745248659	95.1848029507063	1.12583083625656	0.17099006895628	0.731855593566927	1.0
356	ENST00000565309	42.9381917606563	40.7268524749447	45.1495310463678	1.10859367475412	0.148730681250155	0.734721331093947	1.0
357	ENST00000562193	80.552218578024	81.8911794060827	79.2132577499652	0.967299022000426	-0.0479661546463572	0.735162813105817	1.0
358	ENST00000301012	216.298646228602	214.17529091313	218.422001544074	1.01982820059605	0.0283261374677695	0.737965426183058	1.0
359	ENST00000503560	11.1700782975693	11.8721585671038	10.4679980280347	0.881726601684729	-0.181596708422171	0.738351895530603	1.0
360	ENST00000561928	313.215103899997	321.816250973856	304.613956826139	0.946546222896885	-0.0792551357984768	0.739209252753058	1.0
361	ENST00000472354	491.941007625962	474.308409359772	509.573605892153	1.07435077227491	0.103465105799477	0.739532510696462	1.0
362	ENST00000561911	129.375561875909	133.359167012875	125.391956738943	0.940257498210352	-0.0888721886095426	0.74000402629173	1.0
363	ENST00000563504	77.2700721197629	74.8948334931934	79.6453107463324	1.06342863761852	0.0887232231357165	0.741958420828211	1.0
364	ENST00000555427	74.4067756766722	75.9105575859205	72.9029937674239	0.960380164312554	-0.0583224884279822	0.742844796603645	1.0
365	ENST00000504473	27.9977450253827	26.1581427039919	29.8373473467735	1.1406523652851	0.18985917085812	0.744340195193441	1.0
366	ENST00000566158	12.9037879749693	12.1250613446412	13.6825146052973	1.12844910358696	0.174341350157064	0.745090918149654	1.0
367	ENST00000561976	477.452062319219	467.214148358172	487.689976280266	1.04382535930054	0.0618803571694709	0.746617407113678	1.0
368	ENST00000549328	130.4969801341	127.041106736326	133.952853531873	1.05440559337925	0.0764299286443991	0.747508348317487	1.0
369	ENST00000568409	201.059451112385	207.045163099566	195.073739125204	0.942179649139617	-0.0859259244209422	0.750824336400427	1.0
370	ENST00000567298	84.5446308652085	86.2446501265875	82.8446116038294	0.960576818182141	-0.0580271027780161	0.751290982862832	1.0
371	ENST00000570064	1612.96761743212	1633.41953613354	1592.5156987307	0.974958155882194	-0.0365877935601921	0.755268164409808	1.0
372	ENST00000564466	827.165369607106	805.031411578541	849.299327635671	1.05498905436538	0.0772280308806071	0.755840467679274	1.0
373	ENST00000564477	34.4204058743688	36.3410713900752	32.4997403586624	0.894297804536882	-0.161172760587813	0.759826669495575	1.0
374	ENST00000562184	130.379464730769	126.616631987158	134.14229747438	1.05943662668254	0.0832972912444912	0.759919111437196	1.0
375	ENST00000563779	21.3964417432398	20.1178309914512	22.6750524950284	1.12711218742536	0.172631121709736	0.761092963224076	1.0
376	ENST00000567713	107.82311404703	105.432600626508	110.213627467552	1.04534676004038	0.063981589203208	0.761621431936615	1.0
377	ENST00000565275	39.433936190475	36.7022312627834	42.1656411181665	1.14885770339862	0.200200117989087	0.762152394442825	1.0
378	ENST00000568683	30.0846533251755	28.7788920217449	31.3904146286061	1.09074437629107	0.125313035421581	0.764294767297749	1.0
379	ENST00000564957	30.8368521630392	28.9357883620051	32.7379159640733	1.13139879081576	0.178107534212551	0.766219065641928	1.0
380	ENST00000484610	3371.01865392502	3411.91161118676	3330.12569666329	0.976029298574057	-0.0350036394423624	0.766226206428045	1.0
381	ENST00000268695	269.997792800774	267.291590925002	272.703994676546	1.02024906108274	0.0289213829097654	0.766397469962014	1.0
382	ENST00000570086	18.4821524370361	16.8978682571583	20.0664366169139	1.18751290467739	0.247943191264985	0.769695775749003	1.0
383	ENST00000563749	1033.44668049071	1054.50780977429	1012.38555120714	0.960055053005093	-0.0588109573659214	0.772498988024341	1.0
384	ENST00000305850	50.6710530631768	49.3745767349085	51.9675293914451	1.05251594703197	0.0738420922272075	0.772827863227705	1.0
385	ENST00000562275	461.010474719802	447.168133251869	474.852816187735	1.06191112665954	0.086663029331552	0.774290488038384	1.0
386	ENST00000562743	72.1108265031514	74.3495202057852	69.8721328005177	0.939779202436344	-0.0896062540199559	0.778238542671329	1.0
387	ENST00000595980	43.1889257901555	41.9946716632816	44.3831799170294	1.05687645977802	0.0798067473146745	0.778912632311266	1.0
388	ENST00000564774	215.288401029443	219.189581216413	211.387220842473	0.964403598334193	-0.0522910610257177	0.783072314116563	1.0
389	ENST00000562261	12.8900830389885	12.4488596557696	13.3313064222073	1.0708857510518	0.0988045723542286	0.786543130825306	1.0
390	ENST00000452588	484.908983035572	497.295776764285	472.52218930686	0.950183394641681	-0.0737221003859525	0.787554064122922	1.0
391	ENST00000567266	44.2434640615383	45.3280700359577	43.158858087119	0.952144180259209	-0.07074804194748	0.788661838379695	1.0
392	ENST00000562831	23.9777803816069	26.7460424487374	21.2095183144764	0.792996509862251	-0.334613578536296	0.791780239047674	1.0
393	ENST00000565023	94.1932203329407	98.2101900090812	90.1762506568002	0.918196478883321	-0.123125195299849	0.794002515661645	1.0
394	ENST00000564444	36.3526396303231	35.711491688124	36.9937875725222	1.03590709387322	0.0508946196087168	0.794201346593201	1.0
395	ENST00000378332	179.536172338198	186.788440565077	172.283904111319	0.92234778335384	-0.11661725452216	0.794982366592863	1.0
396	ENST00000378345	43.2398188580248	44.6656722913634	41.8139654246862	0.936154395078283	-0.0951816092617184	0.799026333992756	1.0
397	ENST00000486645	19.2785883550706	18.4260046273284	20.1311720828127	1.09254135608732	0.127687891252501	0.801015161139235	1.0
398	ENST00000328945	11.9150763228662	13.1688337890256	10.6613188567067	0.809587168272361	-0.304741670982285	0.801472124878751	1.0
399	ENST00000562125	53.8585957989587	55.9822004706908	51.7349911272265	0.924132861735437	-0.11382781338951	0.801843182394521	1.0
400	ENST00000566333	18.5782605956881	18.131271791085	19.0252494002912	1.04930584128388	0.0694352416842914	0.802400604956824	1.0
401	ENST00000564544	323.753761667462	329.663944060205	317.843579274719	0.964144198968489	-0.0526791604871788	0.802681477052444	1.0
402	ENST00000564159	191.904569096315	188.030172860583	195.778965332046	1.04121036721701	0.0582615816818898	0.803477975901753	1.0
403	ENST00000452368	2028.75461588557	2063.06863236473	1994.4405994064	0.966734973387837	-0.0488076601847432	0.805888687115234	1.0
404	ENST00000568319	62.962278290783	63.9857659234756	61.9387906580904	0.968008896418723	-0.0469077883377042	0.813579880858708	1.0
405	ENST00000562931	23.6453602190127	23.7679483603946	23.5227720776308	0.989684583665105	-0.0149592889754222	0.81642031126707	1.0
406	ENST00000567064	26.411334043579	25.8546803487739	26.9679877383842	1.04306018773359	0.060822408135225	0.8222449115588	1.0
407	ENST00000537450	34.6541773457597	33.2174706076081	36.0908840839112	1.08650307876377	0.119692262610249	0.823700772616133	1.0
408	ENST00000566909	222.004684190027	220.084064023939	223.925304356115	1.01745351417974	0.024962881573208	0.827577763572741	1.0
409	ENST00000491523	2355.01058188511	2387.69470339075	2322.32646037946	0.972622863836628	-0.0400475888998801	0.829975668081533	1.0
410	ENST00000564648	564.536206155999	560.02727739444	569.045134917557	1.01610253265711	0.0230459886183297	0.830245685535886	1.0
411	ENST00000330736	1780.9545245017	1839.0311596245	1722.87788937889	0.936839966175817	-0.0941254714673706	0.830306901362214	1.0
412	ENST00000568295	38.1851767583828	37.9272155189574	38.4431379978081	1.0136029621946	0.0194926457882937	0.830410299415039	1.0
413	ENST00000562775	97.7530371220208	98.7143793439771	96.7916949000645	0.980522752037847	-0.0283769878036016	0.830500892210739	1.0
414	ENST00000378330	2019.80742670692	2018.26048606794	2021.3543673459	1.00153294448329	0.00220987802625444	0.830769458210687	1.0
415	ENST00000563218	75.2762218480558	74.0347122570675	76.517731439044	1.03353858083968	0.047592243961428	0.837499102230566	1.0
416	ENST00000393207	46.6424897044172	48.4885494006191	44.7964300082152	0.92385584972033	-0.114260331035292	0.837789896391889	1.0
417	ENST00000484567	440.043590537444	433.583480027933	446.503701046955	1.02979869301798	0.0423623442345402	0.844138870834716	1.0
418	ENST00000565765	10.3240728683602	10.0072868015	10.6408589352204	1.06331107984488	0.0885637301654877	0.84481549157034	1.0
419	ENST00000540697	22.2386959723632	23.4404386961029	21.0369532486235	0.897464143967621	-0.156073794228494	0.846292704487003	1.0
420	ENST00000268720	33.1226168188258	32.9757078916823	33.2695257459693	1.0089101303072	0.0127976706439585	0.848410555745474	1.0
421	ENST00000319518	40.5323752437685	39.283030837885	41.781719649652	1.06360733269484	0.0889656285342577	0.849551281347749	1.0
422	ENST00000567294	15.8933077011113	17.016043749684	14.7705716525387	0.868037945237005	-0.204169985156878	0.849700948423449	1.0
423	ENST00000443381	41.5268270404134	43.7874333350102	39.2662207458166	0.896746343760261	-0.157228136889891	0.851057463041546	1.0
424	ENST00000562096	30.2784348631753	31.1996305268675	29.357239199483	0.940948296621718	-0.0878126431947183	0.851643801119513	1.0
425	ENST00000561569	916.517689616104	925.783464096747	907.251915135462	0.979982847307209	-0.0291715970078755	0.856639572598271	1.0
426	ENST00000566414	156.152936006059	160.622674879661	151.683197132457	0.944344858197008	-0.0826142921266996	0.857925831352143	1.0
427	ENST00000341690	80.8835271124581	80.2964136621203	81.470640562796	1.01462365312624	0.0209446983928128	0.859344424400491	1.0
428	ENST00000564643	36.185937861888	37.4774307007037	34.8944450230723	0.931078901906077	-0.103024664412314	0.860865389174044	1.0
429	ENST00000579310	12.9677476961525	13.3061441171586	12.6293512751465	0.949136817093445	-0.075312029648257	0.864203577063648	1.0
430	ENST00000566283	45.6065924607843	44.971378690856	46.2418062307127	1.02824969073308	0.0401906379186008	0.864206438750357	1.0
431	ENST00000453996	55.5363596394268	57.7759885506889	53.2967307281648	0.922471983000442	-0.116423000083031	0.865866022021126	1.0
432	ENST00000412692	315.343137791042	330.899944529961	299.786331052123	0.90597274495759	-0.142460445615824	0.866981473090936	1.0
433	ENST00000343939	90.3535736502755	89.8124206760953	90.8947266244556	1.0120507379738	0.0172816196649021	0.868589358161661	1.0
434	ENST00000562530	39.1268684869573	37.934719218736	40.3190177551787	1.06285267389735	0.0879416332114811	0.872056381324752	1.0
435	ENST00000565593	712.959876400622	706.993659817486	718.926092983758	1.01687770887415	0.024146189117571	0.872554001729879	1.0
436	ENST00000311635	1378.91484599588	1346.18183693934	1411.64785505241	1.04863088798012	0.0685069469419561	0.872603117066517	1.0
437	ENST00000567736	1843.58545327285	1876.46859888167	1810.70230766403	0.964952096050614	-0.0514707716834868	0.872912123456611	1.0
438	ENST00000550102	119.950232002897	119.984780139787	119.915683866006	0.999424124678973	-8.31051783896143E-4	0.874056128836399	1.0
439	ENST00000567949	50.1829876731282	51.791506377714	48.5744689685424	0.937884845717562	-0.0925172965718039	0.875722921178066	1.0
440	ENST00000301030	2049.38990101326	2048.89524835281	2049.8845536737	1.00048284816986	6.96434537611E-4	0.876643459742749	1.0
441	ENST00000567707	12.1824498270911	11.578587817638	12.7863118365443	1.10430667693918	0.143140878509602	0.878071104700902	1.0
442	ENST00000567651	21.6422529785025	21.759494388197	21.525011568808	0.989223884746319	-0.0156310209611025	0.888497538715865	1.0
443	ENST00000347925	31.5305375032589	30.0187502105174	33.0423247960005	1.10072286701742	0.138451282065522	0.889381409100017	1.0
444	ENST00000562204	10.7295731414021	10.4307001371249	11.0284461456793	1.05730641286743	0.0803935378014209	0.889943586609277	1.0
445	ENST00000567321	33.6289626483665	35.5678992056295	31.6900260911034	0.890972669144531	-0.166546917567109	0.890311488609272	1.0
446	ENST00000565470	31.6120318701684	31.788885529516	31.4351782108208	0.98887323941046	-0.016142496647787	0.892634687073095	1.0
447	ENST00000568051	34.294963763166	34.2269825181933	34.3629450081386	1.00397237734507	0.00571957644456299	0.896681682867671	1.0
448	ENST00000568339	433.492544508117	437.063610372843	429.921478643391	0.98365882777713	-0.0237700769069688	0.899178233395106	1.0
449	ENST00000566231	12.9561768131956	13.2700001915838	12.6423534348074	0.952701827602499	-0.0699033384109289	0.900541742122988	1.0
450	ENST00000541676	90.5552798002222	93.4120615230395	87.6984980774048	0.938834842605144	-0.0910567098638728	0.900665478930704	1.0
451	ENST00000597291	59.7993334373153	58.1219221403303	61.4767447343003	1.05772043439772	0.0809583597723254	0.902027513621689	1.0
452	ENST00000566371	27.9050555268439	27.9430965252013	27.8670145284866	0.997277252481806	-0.00393345167330211	0.902419507605424	1.0
453	ENST00000570259	421.762796761095	416.870371259711	426.655222262479	1.02347216707486	0.0334718693676204	0.905472516138937	1.0
454	ENST00000568857	15.1877982810731	15.2982764088113	15.0773201533349	0.98555678760327	-0.0209890933971289	0.905795012506983	1.0
455	ENST00000537718	67.7171687676607	66.16841809889	69.2659194364313	1.04681238310567	0.0660028957380504	0.907749048191954	1.0
456	ENST00000565613	13.2503518933781	13.6632895956615	12.8374141910947	0.939555156261267	-0.0899502378414086	0.908586426536079	1.0
457	ENST00000301015	5090.0235091672	5193.0770456992	4986.9699726352	0.960311185208645	-0.0584261134182259	0.910403212984303	1.0
458	ENST00000511415	17.9002745549474	18.2426791929825	17.5578699169123	0.96246114571079	-0.0551997942151164	0.912213452900136	1.0
459	ENST00000406948	80.8240573782316	80.2551744866941	81.3929402697691	1.01417685264971	0.0203092521374201	0.914939306606363	1.0
460	ENST00000562828	13.3395826321561	12.6849887120707	13.9941765522414	1.10320764723463	0.141704362498652	0.917532571159924	1.0
461	ENST00000393145	192.378777738817	191.696490654556	193.061064823079	1.00711840975212	0.0102333150421675	0.9241834184494	1.0
462	ENST00000419505	274.597922248816	276.119850942452	273.07599355518	0.988976318157196	-0.0159921199962344	0.924553387144577	1.0
463	ENST00000497793	188.064423385171	189.534675047686	186.594171722657	0.984485670897482	-0.0225578869073949	0.927030242226753	1.0
464	ENST00000510811	85.3817076585992	84.1488658984094	86.614549418789	1.02930144683538	0.041665559651987	0.928275376778162	1.0
465	ENST00000558583	10.9275736327424	11.5522441096229	10.3029031558619	0.891852964505798	-0.16512221530632	0.928916151336223	1.0
466	ENST00000289816	125.876583186975	124.173523080319	127.579643293632	1.02743032595693	0.0390405624669494	0.931180234445858	1.0
467	ENST00000537155	27.7895863276051	28.2670993852066	27.3120732700035	0.966214215962218	-0.0495850155107527	0.931676774203183	1.0
468	ENST00000562792	17.8515434613043	17.7954404770342	17.9076464455743	1.00630532122455	0.00906809697877765	0.936034812784187	1.0
469	ENST00000495568	170.664110503449	165.312399451951	176.015821554947	1.06474663811354	0.0905101746550159	0.937159133192546	1.0
470	ENST00000562886	536.890441183184	528.596221596617	545.184660769751	1.0313820615725	0.0445788586336173	0.93720810202179	1.0
471	ENST00000569038	46.4976104284984	45.5360027239632	47.4592181330337	1.04223505125667	0.0596806797668072	0.939862652123178	1.0
472	ENST00000564584	19.6140638320451	20.4771763427527	18.7509513213375	0.915700046113724	-0.127052999679409	0.93989483519853	1.0
473	ENST00000567125	13.0318864668789	12.506353822441	13.5574191113168	1.08404250381833	0.116421323892675	0.943080069786908	1.0
474	ENST00000393306	116.521787313447	113.984104852955	119.059469773939	1.04452695336364	0.0628497207270345	0.943220051302552	1.0
475	ENST00000565863	151.026826601669	152.626291634369	149.427361568969	0.979040766625824	-0.0305591609170141	0.947941282435964	1.0
476	ENST00000393099	4455.09514630505	4459.46130803116	4450.72898457894	0.998041843431518	-0.00282779230512582	0.948039677166583	1.0
477	ENST00000569820	245.690855304699	241.114555747115	250.267154862284	1.0379595461867	0.0537502166696487	0.950540755347224	1.0
478	ENST00000564553	25.5634971277165	27.4295345217433	23.6974597336897	0.863939550811727	-0.21099772323366	0.950760641319712	1.0
479	ENST00000561936	27.5765737977007	27.934081345058	27.2190662503434	0.974403486340495	-0.0374087997823365	0.951798293241549	1.0
480	ENST00000542688	65.6915915318456	66.8780494498738	64.5051336138175	0.96451876429448	-0.0521187893332922	0.95206819273204	1.0
481	ENST00000534986	1858.58850885287	1838.86628773821	1878.31072996752	1.02145041349245	0.0306191698617128	0.954171985918784	1.0
482	ENST00000567815	3823.87382498216	3825.15401615793	3822.59363380639	0.999330645945046	-9.65997108801309E-4	0.954642807045744	1.0
483	ENST00000301031	21.6441254001707	22.0565575189571	21.2316932813843	0.962602312855764	-0.0549882052002718	0.955595038193517	1.0
484	ENST00000428963	18.2213867515912	18.1978478271993	18.2449256759831	1.00258700090422	0.00372743401387275	0.956673274499256	1.0
485	ENST00000535580	85.602079821676	85.7884157914385	85.4157438519136	0.99565591768904	-0.00628083814485758	0.959664787553937	1.0
486	ENST00000393335	17.2741943716525	17.1060671337494	17.4423216095557	1.01965703005707	0.0280839715676607	0.965529432627137	1.0
487	ENST00000563231	166.027992705589	165.490042574219	166.565942836959	1.00650129908727	0.00934903434127555	0.966127937969379	1.0
488	ENST00000563100	92.2126543929939	93.2178919563036	91.2074168296841	0.97843251886063	-0.0314557412884822	0.966190105196239	1.0
489	ENST00000569021	11.9128287203104	11.8371274188803	11.9885300217404	1.01279048518297	0.0183357563206083	0.966771894600467	1.0
490	ENST00000466823	87.9619392222788	87.9077378915888	88.0161405529688	1.00123314129086	0.00177795081791557	0.969815904380008	1.0
491	ENST00000299572	31.5736228331929	30.5609112251767	32.586334441209	1.06627496153857	0.0925795154862503	0.97026211408461	1.0
492	ENST00000199936	19.0130667886879	19.5789269893548	18.4472065880209	0.94219701611078	-0.0858993318148724	0.971357468010621	1.0
493	ENST00000562906	374.659238877628	370.704047975704	378.614429779552	1.02133880610974	0.0304615271483303	0.971694846373247	1.0
494	ENST00000467736	1530.41365741608	1538.27733046973	1522.54998436244	0.989776000857734	-0.0148260333485276	0.974805575433641	1.0
495	ENST00000570189	794.850860467834	791.739482305152	797.962238630517	1.0078596008718	0.011294679280687	0.975113176530679	1.0
496	ENST00000564844	1807.23518370314	1776.91814300642	1837.55222439985	1.0341231708574	0.0484080303358656	0.976850873694089	1.0
497	ENST00000563270	2958.71395206231	2933.66929180329	2983.75861232133	1.01707394922052	0.024424578207375	0.977028147065177	1.0
498	ENST00000567759	99.6910152960029	100.168867229465	99.2131633625409	0.990459072830136	-0.0138307327407019	0.97819547873966	1.0
499	ENST00000562336	936.910589124271	933.931250957973	939.889927290569	1.00638020874286	0.00917545587785603	0.98050949161839	1.0
500	ENST00000563785	34.1095553657657	34.1110735877658	34.1080371437656	0.999910983628457	-1.28429194018754E-4	0.980714077191001	1.0
501	ENST00000568691	40.8915882055983	41.1444348327281	40.6387415784684	0.987709315820825	-0.0178415777009744	0.981429353951788	1.0
502	ENST00000561664	15.3498259963478	15.2284575759271	15.4711944167684	1.01593968657896	0.0228147559917146	0.98162661306323	1.0
503	ENST00000562879	2582.60835009638	2563.86602105095	2601.35067914182	1.01462036541032	0.020940023576573	0.985780937526623	1.0
504	ENST00000570270	13.6115419658522	14.026873332148	13.1962105995564	0.940780620675612	-0.0880697527649018	0.987927853221487	1.0
505	ENST00000564208	101.623931286151	99.253053979464	103.994808592837	1.04777439507659	0.0673281117775774	0.988210957513075	1.0
506	ENST00000567970	18.507183953513	17.871123200324	19.1432447067021	1.07118307518327	0.0992050712060896	0.989340236474886	1.0
507	ENST00000567171	82.2591771562114	81.2170570447575	83.3012972676653	1.025662592302	0.0365562119681338	0.99038198494353	1.0
508	ENST00000311528	4741.80303822595	4726.78559946505	4756.82047698685	1.00635418655866	0.00913815132720039	0.996870838818934	1.0
509	ENST00000566221	35.1241001390619	36.3260423368657	33.9221579412581	0.933824764797787	-0.0987762458904658	0.996962209556721	1.0
510	ENST00000399461	3438.23364581066	3422.22287904607	3454.24441257525	1.0093569398198	0.0134364462432092	0.997831891918483	1.0
511	ENST00000564547	56.7418224427143	56.4008257524456	57.082819132983	1.01209190417762	0.0173403015748431	0.99886120907918	1.0
512	ENST00000563956	13.4580573571363	12.7860996842411	14.1300150300315	1.10510752919022	0.144186753582236	1.0	1.0
513	ENST00000566661	20.2833974607262	20.0722731827197	20.4945217387327	1.02103640938768	0.030034312549197	1.0	1.0
514	ENST00000566660	11.97793977827	11.9466206091479	12.009258947392	1.0052431846874	0.00754455503803203	1.0	1.0
515	ENST00000566563	10.6685794506536	11.1490301872289	10.1881287140782	0.913812999246214	-0.130029129453436	1.0	1.0
516	ENST00000566682	51.7065036223294	50.5885442393685	52.8244630052903	1.0441981242896	0.0623954722637953	1.0	1.0
517	ENST00000565890	34.6964472933715	34.6291904574318	34.7637041293113	1.00388440128408	0.00559315046803147	1.0	1.0
